; BIOPRINTER PREVIEW ONLY - SYNTHETIC/UNAPPROVED
; mm, absolute XYZ in centered machine frame; relative calibrated E
G21
G90
M83
G1 X0.000000 Y0.000000 Z2.600000 F480.000000
G1 X21.450000 Y70.450000 Z2.600000 F1800.000000
G1 X21.450000 Y70.450000 Z0.600000 F480.000000
G1 X21.937879 Y70.450000 Z0.600000 E0.002439394 F480.000000
G1 X22.425758 Y70.450000 Z0.600000 E0.002439394 F480.000000
G1 X22.913636 Y70.450000 Z0.600000 E0.002439394 F480.000000
G1 X23.401515 Y70.450000 Z0.600000 E0.002439394 F480.000000
G1 X23.889394 Y70.450000 Z0.600000 E0.002439394 F480.000000
G1 X24.377273 Y70.450000 Z0.600000 E0.002439394 F480.000000
G1 X24.865152 Y70.450000 Z0.600000 E0.002439394 F480.000000
G1 X25.353030 Y70.450000 Z0.600000 E0.002439394 F480.000000
G1 X25.840909 Y70.450000 Z0.600000 E0.002439394 F480.000000
G1 X26.328788 Y70.450000 Z0.600000 E0.002439394 F480.000000
G1 X26.816667 Y70.450000 Z0.600000 E0.002439394 F480.000000
G1 X27.304545 Y70.450000 Z0.600000 E0.002439394 F480.000000
G1 X27.792424 Y70.450000 Z0.600000 E0.002439394 F480.000000
G1 X28.280303 Y70.450000 Z0.600000 E0.002439394 F480.000000
G1 X28.768182 Y70.450000 Z0.600000 E0.002439394 F480.000000
G1 X29.256061 Y70.450000 Z0.600000 E0.002439394 F480.000000
G1 X29.743939 Y70.450000 Z0.600000 E0.002439394 F480.000000
G1 X30.231818 Y70.450000 Z0.600000 E0.002439394 F480.000000
G1 X30.719697 Y70.450000 Z0.600000 E0.002439394 F480.000000
G1 X31.207576 Y70.450000 Z0.600000 E0.002439394 F480.000000
G1 X31.695455 Y70.450000 Z0.600000 E0.002439394 F480.000000
G1 X32.183333 Y70.450000 Z0.600000 E0.002439394 F480.000000
G1 X32.671212 Y70.450000 Z0.600000 E0.002439394 F480.000000
G1 X33.159091 Y70.450000 Z0.600000 E0.002439394 F480.000000
G1 X33.646970 Y70.450000 Z0.600000 E0.002439394 F480.000000
G1 X34.134848 Y70.450000 Z0.600000 E0.002439394 F480.000000
G1 X34.622727 Y70.450000 Z0.600000 E0.002439394 F480.000000
G1 X35.110606 Y70.450000 Z0.600000 E0.002439394 F480.000000
G1 X35.598485 Y70.450000 Z0.600000 E0.002439394 F480.000000
G1 X36.086364 Y70.450000 Z0.600000 E0.002439394 F480.000000
G1 X36.574242 Y70.450000 Z0.600000 E0.002439394 F480.000000
G1 X37.062121 Y70.450000 Z0.600000 E0.002439394 F480.000000
G1 X37.550000 Y70.450000 Z0.600000 E0.002439394 F480.000000
G1 X37.550000 Y69.962121 Z0.600000 E0.002439394 F480.000000
G1 X37.550000 Y69.474242 Z0.600000 E0.002439394 F480.000000
G1 X37.550000 Y68.986364 Z0.600000 E0.002439394 F480.000000
G1 X37.550000 Y68.498485 Z0.600000 E0.002439394 F480.000000
G1 X37.550000 Y68.010606 Z0.600000 E0.002439394 F480.000000
G1 X37.550000 Y67.522727 Z0.600000 E0.002439394 F480.000000
G1 X37.550000 Y67.034848 Z0.600000 E0.002439394 F480.000000
G1 X37.550000 Y66.546970 Z0.600000 E0.002439394 F480.000000
G1 X37.550000 Y66.059091 Z0.600000 E0.002439394 F480.000000
G1 X37.550000 Y65.571212 Z0.600000 E0.002439394 F480.000000
G1 X37.550000 Y65.083333 Z0.600000 E0.002439394 F480.000000
G1 X37.550000 Y64.595455 Z0.600000 E0.002439394 F480.000000
G1 X37.550000 Y64.107576 Z0.600000 E0.002439394 F480.000000
G1 X37.550000 Y63.619697 Z0.600000 E0.002439394 F480.000000
G1 X37.550000 Y63.131818 Z0.600000 E0.002439394 F480.000000
G1 X37.550000 Y62.643939 Z0.600000 E0.002439394 F480.000000
G1 X37.550000 Y62.156061 Z0.600000 E0.002439394 F480.000000
G1 X37.550000 Y61.668182 Z0.600000 E0.002439394 F480.000000
G1 X37.550000 Y61.180303 Z0.600000 E0.002439394 F480.000000
G1 X37.550000 Y60.692424 Z0.600000 E0.002439394 F480.000000
G1 X37.550000 Y60.204545 Z0.600000 E0.002439394 F480.000000
G1 X37.550000 Y59.716667 Z0.600000 E0.002439394 F480.000000
G1 X37.550000 Y59.228788 Z0.600000 E0.002439394 F480.000000
G1 X37.550000 Y58.740909 Z0.600000 E0.002439394 F480.000000
G1 X37.550000 Y58.253030 Z0.600000 E0.002439394 F480.000000
G1 X37.550000 Y57.765152 Z0.600000 E0.002439394 F480.000000
G1 X37.550000 Y57.277273 Z0.600000 E0.002439394 F480.000000
G1 X37.550000 Y56.789394 Z0.600000 E0.002439394 F480.000000
G1 X37.550000 Y56.301515 Z0.600000 E0.002439394 F480.000000
G1 X37.550000 Y55.813636 Z0.600000 E0.002439394 F480.000000
G1 X37.550000 Y55.325758 Z0.600000 E0.002439394 F480.000000
G1 X37.550000 Y54.837879 Z0.600000 E0.002439394 F480.000000
G1 X37.550000 Y54.350000 Z0.600000 E0.002439394 F480.000000
G1 X37.062121 Y54.350000 Z0.600000 E0.002439394 F480.000000
G1 X36.574242 Y54.350000 Z0.600000 E0.002439394 F480.000000
G1 X36.086364 Y54.350000 Z0.600000 E0.002439394 F480.000000
G1 X35.598485 Y54.350000 Z0.600000 E0.002439394 F480.000000
G1 X35.110606 Y54.350000 Z0.600000 E0.002439394 F480.000000
G1 X34.622727 Y54.350000 Z0.600000 E0.002439394 F480.000000
G1 X34.134848 Y54.350000 Z0.600000 E0.002439394 F480.000000
G1 X33.646970 Y54.350000 Z0.600000 E0.002439394 F480.000000
G1 X33.159091 Y54.350000 Z0.600000 E0.002439394 F480.000000
G1 X32.671212 Y54.350000 Z0.600000 E0.002439394 F480.000000
G1 X32.183333 Y54.350000 Z0.600000 E0.002439394 F480.000000
G1 X31.695455 Y54.350000 Z0.600000 E0.002439394 F480.000000
G1 X31.207576 Y54.350000 Z0.600000 E0.002439394 F480.000000
G1 X30.719697 Y54.350000 Z0.600000 E0.002439394 F480.000000
G1 X30.231818 Y54.350000 Z0.600000 E0.002439394 F480.000000
G1 X29.743939 Y54.350000 Z0.600000 E0.002439394 F480.000000
G1 X29.256061 Y54.350000 Z0.600000 E0.002439394 F480.000000
G1 X28.768182 Y54.350000 Z0.600000 E0.002439394 F480.000000
G1 X28.280303 Y54.350000 Z0.600000 E0.002439394 F480.000000
G1 X27.792424 Y54.350000 Z0.600000 E0.002439394 F480.000000
G1 X27.304545 Y54.350000 Z0.600000 E0.002439394 F480.000000
G1 X26.816667 Y54.350000 Z0.600000 E0.002439394 F480.000000
G1 X26.328788 Y54.350000 Z0.600000 E0.002439394 F480.000000
G1 X25.840909 Y54.350000 Z0.600000 E0.002439394 F480.000000
G1 X25.353030 Y54.350000 Z0.600000 E0.002439394 F480.000000
G1 X24.865152 Y54.350000 Z0.600000 E0.002439394 F480.000000
G1 X24.377273 Y54.350000 Z0.600000 E0.002439394 F480.000000
G1 X23.889394 Y54.350000 Z0.600000 E0.002439394 F480.000000
G1 X23.401515 Y54.350000 Z0.600000 E0.002439394 F480.000000
G1 X22.913636 Y54.350000 Z0.600000 E0.002439394 F480.000000
G1 X22.425758 Y54.350000 Z0.600000 E0.002439394 F480.000000
G1 X21.937879 Y54.350000 Z0.600000 E0.002439394 F480.000000
G1 X21.450000 Y54.350000 Z0.600000 E0.002439394 F480.000000
G1 X21.450000 Y54.837879 Z0.600000 E0.002439394 F480.000000
G1 X21.450000 Y55.325758 Z0.600000 E0.002439394 F480.000000
G1 X21.450000 Y55.813636 Z0.600000 E0.002439394 F480.000000
G1 X21.450000 Y56.301515 Z0.600000 E0.002439394 F480.000000
G1 X21.450000 Y56.789394 Z0.600000 E0.002439394 F480.000000
G1 X21.450000 Y57.277273 Z0.600000 E0.002439394 F480.000000
G1 X21.450000 Y57.765152 Z0.600000 E0.002439394 F480.000000
G1 X21.450000 Y58.253030 Z0.600000 E0.002439394 F480.000000
G1 X21.450000 Y58.740909 Z0.600000 E0.002439394 F480.000000
G1 X21.450000 Y59.228788 Z0.600000 E0.002439394 F480.000000
G1 X21.450000 Y59.716667 Z0.600000 E0.002439394 F480.000000
G1 X21.450000 Y60.204545 Z0.600000 E0.002439394 F480.000000
G1 X21.450000 Y60.692424 Z0.600000 E0.002439394 F480.000000
G1 X21.450000 Y61.180303 Z0.600000 E0.002439394 F480.000000
G1 X21.450000 Y61.668182 Z0.600000 E0.002439394 F480.000000
G1 X21.450000 Y62.156061 Z0.600000 E0.002439394 F480.000000
G1 X21.450000 Y62.643939 Z0.600000 E0.002439394 F480.000000
G1 X21.450000 Y63.131818 Z0.600000 E0.002439394 F480.000000
G1 X21.450000 Y63.619697 Z0.600000 E0.002439394 F480.000000
G1 X21.450000 Y64.107576 Z0.600000 E0.002439394 F480.000000
G1 X21.450000 Y64.595455 Z0.600000 E0.002439394 F480.000000
G1 X21.450000 Y65.083333 Z0.600000 E0.002439394 F480.000000
G1 X21.450000 Y65.571212 Z0.600000 E0.002439394 F480.000000
G1 X21.450000 Y66.059091 Z0.600000 E0.002439394 F480.000000
G1 X21.450000 Y66.546970 Z0.600000 E0.002439394 F480.000000
G1 X21.450000 Y67.034848 Z0.600000 E0.002439394 F480.000000
G1 X21.450000 Y67.522727 Z0.600000 E0.002439394 F480.000000
G1 X21.450000 Y68.010606 Z0.600000 E0.002439394 F480.000000
G1 X21.450000 Y68.498485 Z0.600000 E0.002439394 F480.000000
G1 X21.450000 Y68.986364 Z0.600000 E0.002439394 F480.000000
G1 X21.450000 Y69.474242 Z0.600000 E0.002439394 F480.000000
G1 X21.450000 Y69.962121 Z0.600000 E0.002439394 F480.000000
G1 X21.450000 Y70.450000 Z0.600000 E0.002439394 F480.000000
G1 X21.450000 Y70.450000 Z2.600000 F480.000000
G1 X24.950000 Y66.557107 Z2.600000 F1800.000000
G1 X24.950000 Y66.557107 Z0.600000 F480.000000
G1 X24.950000 Y66.068035 Z0.600000 E0.002445357 F480.000000
G1 X24.950000 Y65.578964 Z0.600000 E0.002445357 F480.000000
G1 X24.950000 Y65.089893 Z0.600000 E0.002445357 F480.000000
G1 X24.950000 Y64.600821 Z0.600000 E0.002445357 F480.000000
G1 X24.950000 Y64.111750 Z0.600000 E0.002445357 F480.000000
G1 X24.950000 Y63.622678 Z0.600000 E0.002445357 F480.000000
G1 X24.950000 Y63.133607 Z0.600000 E0.002445357 F480.000000
G1 X24.950000 Y62.644536 Z0.600000 E0.002445357 F480.000000
G1 X24.950000 Y62.155464 Z0.600000 E0.002445357 F480.000000
G1 X24.950000 Y61.666393 Z0.600000 E0.002445357 F480.000000
G1 X24.950000 Y61.177322 Z0.600000 E0.002445357 F480.000000
G1 X24.950000 Y60.688250 Z0.600000 E0.002445357 F480.000000
G1 X24.950000 Y60.199179 Z0.600000 E0.002445357 F480.000000
G1 X24.950000 Y59.710107 Z0.600000 E0.002445357 F480.000000
G1 X24.950000 Y59.221036 Z0.600000 E0.002445357 F480.000000
G1 X24.950000 Y58.731965 Z0.600000 E0.002445357 F480.000000
G1 X24.950000 Y58.242893 Z0.600000 E0.002445357 F480.000000
G1 X25.146447 Y58.046447 Z0.600000 E0.001389087 F480.000000
G1 X25.342893 Y57.850000 Z0.600000 E0.001389087 F480.000000
G1 X25.831965 Y57.850000 Z0.600000 E0.002445357 F480.000000
G1 X26.321036 Y57.850000 Z0.600000 E0.002445357 F480.000000
G1 X26.810107 Y57.850000 Z0.600000 E0.002445357 F480.000000
G1 X27.299179 Y57.850000 Z0.600000 E0.002445357 F480.000000
G1 X27.788250 Y57.850000 Z0.600000 E0.002445357 F480.000000
G1 X28.277322 Y57.850000 Z0.600000 E0.002445357 F480.000000
G1 X28.766393 Y57.850000 Z0.600000 E0.002445357 F480.000000
G1 X29.255464 Y57.850000 Z0.600000 E0.002445357 F480.000000
G1 X29.744536 Y57.850000 Z0.600000 E0.002445357 F480.000000
G1 X30.233607 Y57.850000 Z0.600000 E0.002445357 F480.000000
G1 X30.722678 Y57.850000 Z0.600000 E0.002445357 F480.000000
G1 X31.211750 Y57.850000 Z0.600000 E0.002445357 F480.000000
G1 X31.700821 Y57.850000 Z0.600000 E0.002445357 F480.000000
G1 X32.189893 Y57.850000 Z0.600000 E0.002445357 F480.000000
G1 X32.678964 Y57.850000 Z0.600000 E0.002445357 F480.000000
G1 X33.168035 Y57.850000 Z0.600000 E0.002445357 F480.000000
G1 X33.657107 Y57.850000 Z0.600000 E0.002445357 F480.000000
G1 X33.853553 Y58.046447 Z0.600000 E0.001389087 F480.000000
G1 X34.050000 Y58.242893 Z0.600000 E0.001389087 F480.000000
G1 X34.050000 Y58.731965 Z0.600000 E0.002445357 F480.000000
G1 X34.050000 Y59.221036 Z0.600000 E0.002445357 F480.000000
G1 X34.050000 Y59.710107 Z0.600000 E0.002445357 F480.000000
G1 X34.050000 Y60.199179 Z0.600000 E0.002445357 F480.000000
G1 X34.050000 Y60.688250 Z0.600000 E0.002445357 F480.000000
G1 X34.050000 Y61.177322 Z0.600000 E0.002445357 F480.000000
G1 X34.050000 Y61.666393 Z0.600000 E0.002445357 F480.000000
G1 X34.050000 Y62.155464 Z0.600000 E0.002445357 F480.000000
G1 X34.050000 Y62.644536 Z0.600000 E0.002445357 F480.000000
G1 X34.050000 Y63.133607 Z0.600000 E0.002445357 F480.000000
G1 X34.050000 Y63.622678 Z0.600000 E0.002445357 F480.000000
G1 X34.050000 Y64.111750 Z0.600000 E0.002445357 F480.000000
G1 X34.050000 Y64.600821 Z0.600000 E0.002445357 F480.000000
G1 X34.050000 Y65.089893 Z0.600000 E0.002445357 F480.000000
G1 X34.050000 Y65.578964 Z0.600000 E0.002445357 F480.000000
G1 X34.050000 Y66.068035 Z0.600000 E0.002445357 F480.000000
G1 X34.050000 Y66.557107 Z0.600000 E0.002445357 F480.000000
G1 X33.853553 Y66.753553 Z0.600000 E0.001389087 F480.000000
G1 X33.657107 Y66.950000 Z0.600000 E0.001389087 F480.000000
G1 X33.168035 Y66.950000 Z0.600000 E0.002445357 F480.000000
G1 X32.678964 Y66.950000 Z0.600000 E0.002445357 F480.000000
G1 X32.189893 Y66.950000 Z0.600000 E0.002445357 F480.000000
G1 X31.700821 Y66.950000 Z0.600000 E0.002445357 F480.000000
G1 X31.211750 Y66.950000 Z0.600000 E0.002445357 F480.000000
G1 X30.722678 Y66.950000 Z0.600000 E0.002445357 F480.000000
G1 X30.233607 Y66.950000 Z0.600000 E0.002445357 F480.000000
G1 X29.744536 Y66.950000 Z0.600000 E0.002445357 F480.000000
G1 X29.255464 Y66.950000 Z0.600000 E0.002445357 F480.000000
G1 X28.766393 Y66.950000 Z0.600000 E0.002445357 F480.000000
G1 X28.277322 Y66.950000 Z0.600000 E0.002445357 F480.000000
G1 X27.788250 Y66.950000 Z0.600000 E0.002445357 F480.000000
G1 X27.299179 Y66.950000 Z0.600000 E0.002445357 F480.000000
G1 X26.810107 Y66.950000 Z0.600000 E0.002445357 F480.000000
G1 X26.321036 Y66.950000 Z0.600000 E0.002445357 F480.000000
G1 X25.831965 Y66.950000 Z0.600000 E0.002445357 F480.000000
G1 X25.342893 Y66.950000 Z0.600000 E0.002445357 F480.000000
G1 X25.146447 Y66.753553 Z0.600000 E0.001389087 F480.000000
G1 X24.950000 Y66.557107 Z0.600000 E0.001389087 F480.000000
G1 X24.950000 Y66.557107 Z2.600000 F480.000000
G1 X22.450000 Y56.616667 Z2.600000 F1800.000000
G1 X22.450000 Y56.616667 Z0.600000 F480.000000
G1 X22.936207 Y56.616667 Z0.600000 E0.002431034 F480.000000
G1 X23.422414 Y56.616667 Z0.600000 E0.002431034 F480.000000
G1 X23.908621 Y56.616667 Z0.600000 E0.002431034 F480.000000
G1 X24.394828 Y56.616667 Z0.600000 E0.002431034 F480.000000
G1 X24.881034 Y56.616667 Z0.600000 E0.002431034 F480.000000
G1 X25.367241 Y56.616667 Z0.600000 E0.002431034 F480.000000
G1 X25.853448 Y56.616667 Z0.600000 E0.002431034 F480.000000
G1 X26.339655 Y56.616667 Z0.600000 E0.002431034 F480.000000
G1 X26.825862 Y56.616667 Z0.600000 E0.002431034 F480.000000
G1 X27.312069 Y56.616667 Z0.600000 E0.002431034 F480.000000
G1 X27.798276 Y56.616667 Z0.600000 E0.002431034 F480.000000
G1 X28.284483 Y56.616667 Z0.600000 E0.002431034 F480.000000
G1 X28.770690 Y56.616667 Z0.600000 E0.002431034 F480.000000
G1 X29.256897 Y56.616667 Z0.600000 E0.002431034 F480.000000
G1 X29.743103 Y56.616667 Z0.600000 E0.002431034 F480.000000
G1 X30.229310 Y56.616667 Z0.600000 E0.002431034 F480.000000
G1 X30.715517 Y56.616667 Z0.600000 E0.002431034 F480.000000
G1 X31.201724 Y56.616667 Z0.600000 E0.002431034 F480.000000
G1 X31.687931 Y56.616667 Z0.600000 E0.002431034 F480.000000
G1 X32.174138 Y56.616667 Z0.600000 E0.002431034 F480.000000
G1 X32.660345 Y56.616667 Z0.600000 E0.002431034 F480.000000
G1 X33.146552 Y56.616667 Z0.600000 E0.002431034 F480.000000
G1 X33.632759 Y56.616667 Z0.600000 E0.002431034 F480.000000
G1 X34.118966 Y56.616667 Z0.600000 E0.002431034 F480.000000
G1 X34.605172 Y56.616667 Z0.600000 E0.002431034 F480.000000
G1 X35.091379 Y56.616667 Z0.600000 E0.002431034 F480.000000
G1 X35.577586 Y56.616667 Z0.600000 E0.002431034 F480.000000
G1 X36.063793 Y56.616667 Z0.600000 E0.002431034 F480.000000
G1 X36.550000 Y56.616667 Z0.600000 E0.002431034 F480.000000
G1 X36.550000 Y56.616667 Z2.600000 F480.000000
G1 X23.950000 Y63.283333 Z2.600000 F1800.000000
G1 X23.950000 Y63.283333 Z0.600000 F480.000000
G1 X23.450000 Y63.283333 Z0.600000 E0.002500000 F480.000000
G1 X22.950000 Y63.283333 Z0.600000 E0.002500000 F480.000000
G1 X22.450000 Y63.283333 Z0.600000 E0.002500000 F480.000000
G1 X22.450000 Y63.283333 Z2.600000 F480.000000
G1 X35.050000 Y63.283333 Z2.600000 F1800.000000
G1 X35.050000 Y63.283333 Z0.600000 F480.000000
G1 X35.550000 Y63.283333 Z0.600000 E0.002500000 F480.000000
G1 X36.050000 Y63.283333 Z0.600000 E0.002500000 F480.000000
G1 X36.550000 Y63.283333 Z0.600000 E0.002500000 F480.000000
G1 X36.550000 Y63.283333 Z2.500000 F480.000000
G1 X36.550000 Y63.283333 Z2.600000 F480.000000
G1 X21.450000 Y-54.550000 Z2.600000 F1800.000000
G1 X21.450000 Y-54.550000 Z0.600000 F480.000000
G1 X21.937879 Y-54.550000 Z0.600000 E0.002439394 F480.000000
G1 X22.425758 Y-54.550000 Z0.600000 E0.002439394 F480.000000
G1 X22.913636 Y-54.550000 Z0.600000 E0.002439394 F480.000000
G1 X23.401515 Y-54.550000 Z0.600000 E0.002439394 F480.000000
G1 X23.889394 Y-54.550000 Z0.600000 E0.002439394 F480.000000
G1 X24.377273 Y-54.550000 Z0.600000 E0.002439394 F480.000000
G1 X24.865152 Y-54.550000 Z0.600000 E0.002439394 F480.000000
G1 X25.353030 Y-54.550000 Z0.600000 E0.002439394 F480.000000
G1 X25.840909 Y-54.550000 Z0.600000 E0.002439394 F480.000000
G1 X26.328788 Y-54.550000 Z0.600000 E0.002439394 F480.000000
G1 X26.816667 Y-54.550000 Z0.600000 E0.002439394 F480.000000
G1 X27.304545 Y-54.550000 Z0.600000 E0.002439394 F480.000000
G1 X27.792424 Y-54.550000 Z0.600000 E0.002439394 F480.000000
G1 X28.280303 Y-54.550000 Z0.600000 E0.002439394 F480.000000
G1 X28.768182 Y-54.550000 Z0.600000 E0.002439394 F480.000000
G1 X29.256061 Y-54.550000 Z0.600000 E0.002439394 F480.000000
G1 X29.743939 Y-54.550000 Z0.600000 E0.002439394 F480.000000
G1 X30.231818 Y-54.550000 Z0.600000 E0.002439394 F480.000000
G1 X30.719697 Y-54.550000 Z0.600000 E0.002439394 F480.000000
G1 X31.207576 Y-54.550000 Z0.600000 E0.002439394 F480.000000
G1 X31.695455 Y-54.550000 Z0.600000 E0.002439394 F480.000000
G1 X32.183333 Y-54.550000 Z0.600000 E0.002439394 F480.000000
G1 X32.671212 Y-54.550000 Z0.600000 E0.002439394 F480.000000
G1 X33.159091 Y-54.550000 Z0.600000 E0.002439394 F480.000000
G1 X33.646970 Y-54.550000 Z0.600000 E0.002439394 F480.000000
G1 X34.134848 Y-54.550000 Z0.600000 E0.002439394 F480.000000
G1 X34.622727 Y-54.550000 Z0.600000 E0.002439394 F480.000000
G1 X35.110606 Y-54.550000 Z0.600000 E0.002439394 F480.000000
G1 X35.598485 Y-54.550000 Z0.600000 E0.002439394 F480.000000
G1 X36.086364 Y-54.550000 Z0.600000 E0.002439394 F480.000000
G1 X36.574242 Y-54.550000 Z0.600000 E0.002439394 F480.000000
G1 X37.062121 Y-54.550000 Z0.600000 E0.002439394 F480.000000
G1 X37.550000 Y-54.550000 Z0.600000 E0.002439394 F480.000000
G1 X37.550000 Y-55.037879 Z0.600000 E0.002439394 F480.000000
G1 X37.550000 Y-55.525758 Z0.600000 E0.002439394 F480.000000
G1 X37.550000 Y-56.013636 Z0.600000 E0.002439394 F480.000000
G1 X37.550000 Y-56.501515 Z0.600000 E0.002439394 F480.000000
G1 X37.550000 Y-56.989394 Z0.600000 E0.002439394 F480.000000
G1 X37.550000 Y-57.477273 Z0.600000 E0.002439394 F480.000000
G1 X37.550000 Y-57.965152 Z0.600000 E0.002439394 F480.000000
G1 X37.550000 Y-58.453030 Z0.600000 E0.002439394 F480.000000
G1 X37.550000 Y-58.940909 Z0.600000 E0.002439394 F480.000000
G1 X37.550000 Y-59.428788 Z0.600000 E0.002439394 F480.000000
G1 X37.550000 Y-59.916667 Z0.600000 E0.002439394 F480.000000
G1 X37.550000 Y-60.404545 Z0.600000 E0.002439394 F480.000000
G1 X37.550000 Y-60.892424 Z0.600000 E0.002439394 F480.000000
G1 X37.550000 Y-61.380303 Z0.600000 E0.002439394 F480.000000
G1 X37.550000 Y-61.868182 Z0.600000 E0.002439394 F480.000000
G1 X37.550000 Y-62.356061 Z0.600000 E0.002439394 F480.000000
G1 X37.550000 Y-62.843939 Z0.600000 E0.002439394 F480.000000
G1 X37.550000 Y-63.331818 Z0.600000 E0.002439394 F480.000000
G1 X37.550000 Y-63.819697 Z0.600000 E0.002439394 F480.000000
G1 X37.550000 Y-64.307576 Z0.600000 E0.002439394 F480.000000
G1 X37.550000 Y-64.795455 Z0.600000 E0.002439394 F480.000000
G1 X37.550000 Y-65.283333 Z0.600000 E0.002439394 F480.000000
G1 X37.550000 Y-65.771212 Z0.600000 E0.002439394 F480.000000
G1 X37.550000 Y-66.259091 Z0.600000 E0.002439394 F480.000000
G1 X37.550000 Y-66.746970 Z0.600000 E0.002439394 F480.000000
G1 X37.550000 Y-67.234848 Z0.600000 E0.002439394 F480.000000
G1 X37.550000 Y-67.722727 Z0.600000 E0.002439394 F480.000000
G1 X37.550000 Y-68.210606 Z0.600000 E0.002439394 F480.000000
G1 X37.550000 Y-68.698485 Z0.600000 E0.002439394 F480.000000
G1 X37.550000 Y-69.186364 Z0.600000 E0.002439394 F480.000000
G1 X37.550000 Y-69.674242 Z0.600000 E0.002439394 F480.000000
G1 X37.550000 Y-70.162121 Z0.600000 E0.002439394 F480.000000
G1 X37.550000 Y-70.650000 Z0.600000 E0.002439394 F480.000000
G1 X37.062121 Y-70.650000 Z0.600000 E0.002439394 F480.000000
G1 X36.574242 Y-70.650000 Z0.600000 E0.002439394 F480.000000
G1 X36.086364 Y-70.650000 Z0.600000 E0.002439394 F480.000000
G1 X35.598485 Y-70.650000 Z0.600000 E0.002439394 F480.000000
G1 X35.110606 Y-70.650000 Z0.600000 E0.002439394 F480.000000
G1 X34.622727 Y-70.650000 Z0.600000 E0.002439394 F480.000000
G1 X34.134848 Y-70.650000 Z0.600000 E0.002439394 F480.000000
G1 X33.646970 Y-70.650000 Z0.600000 E0.002439394 F480.000000
G1 X33.159091 Y-70.650000 Z0.600000 E0.002439394 F480.000000
G1 X32.671212 Y-70.650000 Z0.600000 E0.002439394 F480.000000
G1 X32.183333 Y-70.650000 Z0.600000 E0.002439394 F480.000000
G1 X31.695455 Y-70.650000 Z0.600000 E0.002439394 F480.000000
G1 X31.207576 Y-70.650000 Z0.600000 E0.002439394 F480.000000
G1 X30.719697 Y-70.650000 Z0.600000 E0.002439394 F480.000000
G1 X30.231818 Y-70.650000 Z0.600000 E0.002439394 F480.000000
G1 X29.743939 Y-70.650000 Z0.600000 E0.002439394 F480.000000
G1 X29.256061 Y-70.650000 Z0.600000 E0.002439394 F480.000000
G1 X28.768182 Y-70.650000 Z0.600000 E0.002439394 F480.000000
G1 X28.280303 Y-70.650000 Z0.600000 E0.002439394 F480.000000
G1 X27.792424 Y-70.650000 Z0.600000 E0.002439394 F480.000000
G1 X27.304545 Y-70.650000 Z0.600000 E0.002439394 F480.000000
G1 X26.816667 Y-70.650000 Z0.600000 E0.002439394 F480.000000
G1 X26.328788 Y-70.650000 Z0.600000 E0.002439394 F480.000000
G1 X25.840909 Y-70.650000 Z0.600000 E0.002439394 F480.000000
G1 X25.353030 Y-70.650000 Z0.600000 E0.002439394 F480.000000
G1 X24.865152 Y-70.650000 Z0.600000 E0.002439394 F480.000000
G1 X24.377273 Y-70.650000 Z0.600000 E0.002439394 F480.000000
G1 X23.889394 Y-70.650000 Z0.600000 E0.002439394 F480.000000
G1 X23.401515 Y-70.650000 Z0.600000 E0.002439394 F480.000000
G1 X22.913636 Y-70.650000 Z0.600000 E0.002439394 F480.000000
G1 X22.425758 Y-70.650000 Z0.600000 E0.002439394 F480.000000
G1 X21.937879 Y-70.650000 Z0.600000 E0.002439394 F480.000000
G1 X21.450000 Y-70.650000 Z0.600000 E0.002439394 F480.000000
G1 X21.450000 Y-70.162121 Z0.600000 E0.002439394 F480.000000
G1 X21.450000 Y-69.674242 Z0.600000 E0.002439394 F480.000000
G1 X21.450000 Y-69.186364 Z0.600000 E0.002439394 F480.000000
G1 X21.450000 Y-68.698485 Z0.600000 E0.002439394 F480.000000
G1 X21.450000 Y-68.210606 Z0.600000 E0.002439394 F480.000000
G1 X21.450000 Y-67.722727 Z0.600000 E0.002439394 F480.000000
G1 X21.450000 Y-67.234848 Z0.600000 E0.002439394 F480.000000
G1 X21.450000 Y-66.746970 Z0.600000 E0.002439394 F480.000000
G1 X21.450000 Y-66.259091 Z0.600000 E0.002439394 F480.000000
G1 X21.450000 Y-65.771212 Z0.600000 E0.002439394 F480.000000
G1 X21.450000 Y-65.283333 Z0.600000 E0.002439394 F480.000000
G1 X21.450000 Y-64.795455 Z0.600000 E0.002439394 F480.000000
G1 X21.450000 Y-64.307576 Z0.600000 E0.002439394 F480.000000
G1 X21.450000 Y-63.819697 Z0.600000 E0.002439394 F480.000000
G1 X21.450000 Y-63.331818 Z0.600000 E0.002439394 F480.000000
G1 X21.450000 Y-62.843939 Z0.600000 E0.002439394 F480.000000
G1 X21.450000 Y-62.356061 Z0.600000 E0.002439394 F480.000000
G1 X21.450000 Y-61.868182 Z0.600000 E0.002439394 F480.000000
G1 X21.450000 Y-61.380303 Z0.600000 E0.002439394 F480.000000
G1 X21.450000 Y-60.892424 Z0.600000 E0.002439394 F480.000000
G1 X21.450000 Y-60.404545 Z0.600000 E0.002439394 F480.000000
G1 X21.450000 Y-59.916667 Z0.600000 E0.002439394 F480.000000
G1 X21.450000 Y-59.428788 Z0.600000 E0.002439394 F480.000000
G1 X21.450000 Y-58.940909 Z0.600000 E0.002439394 F480.000000
G1 X21.450000 Y-58.453030 Z0.600000 E0.002439394 F480.000000
G1 X21.450000 Y-57.965152 Z0.600000 E0.002439394 F480.000000
G1 X21.450000 Y-57.477273 Z0.600000 E0.002439394 F480.000000
G1 X21.450000 Y-56.989394 Z0.600000 E0.002439394 F480.000000
G1 X21.450000 Y-56.501515 Z0.600000 E0.002439394 F480.000000
G1 X21.450000 Y-56.013636 Z0.600000 E0.002439394 F480.000000
G1 X21.450000 Y-55.525758 Z0.600000 E0.002439394 F480.000000
G1 X21.450000 Y-55.037879 Z0.600000 E0.002439394 F480.000000
G1 X21.450000 Y-54.550000 Z0.600000 E0.002439394 F480.000000
G1 X21.450000 Y-54.550000 Z2.600000 F480.000000
G1 X24.950000 Y-58.442893 Z2.600000 F1800.000000
G1 X24.950000 Y-58.442893 Z0.600000 F480.000000
G1 X24.950000 Y-58.931965 Z0.600000 E0.002445357 F480.000000
G1 X24.950000 Y-59.421036 Z0.600000 E0.002445357 F480.000000
G1 X24.950000 Y-59.910107 Z0.600000 E0.002445357 F480.000000
G1 X24.950000 Y-60.399179 Z0.600000 E0.002445357 F480.000000
G1 X24.950000 Y-60.888250 Z0.600000 E0.002445357 F480.000000
G1 X24.950000 Y-61.377322 Z0.600000 E0.002445357 F480.000000
G1 X24.950000 Y-61.866393 Z0.600000 E0.002445357 F480.000000
G1 X24.950000 Y-62.355464 Z0.600000 E0.002445357 F480.000000
G1 X24.950000 Y-62.844536 Z0.600000 E0.002445357 F480.000000
G1 X24.950000 Y-63.333607 Z0.600000 E0.002445357 F480.000000
G1 X24.950000 Y-63.822678 Z0.600000 E0.002445357 F480.000000
G1 X24.950000 Y-64.311750 Z0.600000 E0.002445357 F480.000000
G1 X24.950000 Y-64.800821 Z0.600000 E0.002445357 F480.000000
G1 X24.950000 Y-65.289893 Z0.600000 E0.002445357 F480.000000
G1 X24.950000 Y-65.778964 Z0.600000 E0.002445357 F480.000000
G1 X24.950000 Y-66.268035 Z0.600000 E0.002445357 F480.000000
G1 X24.950000 Y-66.757107 Z0.600000 E0.002445357 F480.000000
G1 X25.146447 Y-66.953553 Z0.600000 E0.001389087 F480.000000
G1 X25.342893 Y-67.150000 Z0.600000 E0.001389087 F480.000000
G1 X25.831965 Y-67.150000 Z0.600000 E0.002445357 F480.000000
G1 X26.321036 Y-67.150000 Z0.600000 E0.002445357 F480.000000
G1 X26.810107 Y-67.150000 Z0.600000 E0.002445357 F480.000000
G1 X27.299179 Y-67.150000 Z0.600000 E0.002445357 F480.000000
G1 X27.788250 Y-67.150000 Z0.600000 E0.002445357 F480.000000
G1 X28.277322 Y-67.150000 Z0.600000 E0.002445357 F480.000000
G1 X28.766393 Y-67.150000 Z0.600000 E0.002445357 F480.000000
G1 X29.255464 Y-67.150000 Z0.600000 E0.002445357 F480.000000
G1 X29.744536 Y-67.150000 Z0.600000 E0.002445357 F480.000000
G1 X30.233607 Y-67.150000 Z0.600000 E0.002445357 F480.000000
G1 X30.722678 Y-67.150000 Z0.600000 E0.002445357 F480.000000
G1 X31.211750 Y-67.150000 Z0.600000 E0.002445357 F480.000000
G1 X31.700821 Y-67.150000 Z0.600000 E0.002445357 F480.000000
G1 X32.189893 Y-67.150000 Z0.600000 E0.002445357 F480.000000
G1 X32.678964 Y-67.150000 Z0.600000 E0.002445357 F480.000000
G1 X33.168035 Y-67.150000 Z0.600000 E0.002445357 F480.000000
G1 X33.657107 Y-67.150000 Z0.600000 E0.002445357 F480.000000
G1 X33.853553 Y-66.953553 Z0.600000 E0.001389087 F480.000000
G1 X34.050000 Y-66.757107 Z0.600000 E0.001389087 F480.000000
G1 X34.050000 Y-66.268035 Z0.600000 E0.002445357 F480.000000
G1 X34.050000 Y-65.778964 Z0.600000 E0.002445357 F480.000000
G1 X34.050000 Y-65.289893 Z0.600000 E0.002445357 F480.000000
G1 X34.050000 Y-64.800821 Z0.600000 E0.002445357 F480.000000
G1 X34.050000 Y-64.311750 Z0.600000 E0.002445357 F480.000000
G1 X34.050000 Y-63.822678 Z0.600000 E0.002445357 F480.000000
G1 X34.050000 Y-63.333607 Z0.600000 E0.002445357 F480.000000
G1 X34.050000 Y-62.844536 Z0.600000 E0.002445357 F480.000000
G1 X34.050000 Y-62.355464 Z0.600000 E0.002445357 F480.000000
G1 X34.050000 Y-61.866393 Z0.600000 E0.002445357 F480.000000
G1 X34.050000 Y-61.377322 Z0.600000 E0.002445357 F480.000000
G1 X34.050000 Y-60.888250 Z0.600000 E0.002445357 F480.000000
G1 X34.050000 Y-60.399179 Z0.600000 E0.002445357 F480.000000
G1 X34.050000 Y-59.910107 Z0.600000 E0.002445357 F480.000000
G1 X34.050000 Y-59.421036 Z0.600000 E0.002445357 F480.000000
G1 X34.050000 Y-58.931965 Z0.600000 E0.002445357 F480.000000
G1 X34.050000 Y-58.442893 Z0.600000 E0.002445357 F480.000000
G1 X33.853553 Y-58.246447 Z0.600000 E0.001389087 F480.000000
G1 X33.657107 Y-58.050000 Z0.600000 E0.001389087 F480.000000
G1 X33.168035 Y-58.050000 Z0.600000 E0.002445357 F480.000000
G1 X32.678964 Y-58.050000 Z0.600000 E0.002445357 F480.000000
G1 X32.189893 Y-58.050000 Z0.600000 E0.002445357 F480.000000
G1 X31.700821 Y-58.050000 Z0.600000 E0.002445357 F480.000000
G1 X31.211750 Y-58.050000 Z0.600000 E0.002445357 F480.000000
G1 X30.722678 Y-58.050000 Z0.600000 E0.002445357 F480.000000
G1 X30.233607 Y-58.050000 Z0.600000 E0.002445357 F480.000000
G1 X29.744536 Y-58.050000 Z0.600000 E0.002445357 F480.000000
G1 X29.255464 Y-58.050000 Z0.600000 E0.002445357 F480.000000
G1 X28.766393 Y-58.050000 Z0.600000 E0.002445357 F480.000000
G1 X28.277322 Y-58.050000 Z0.600000 E0.002445357 F480.000000
G1 X27.788250 Y-58.050000 Z0.600000 E0.002445357 F480.000000
G1 X27.299179 Y-58.050000 Z0.600000 E0.002445357 F480.000000
G1 X26.810107 Y-58.050000 Z0.600000 E0.002445357 F480.000000
G1 X26.321036 Y-58.050000 Z0.600000 E0.002445357 F480.000000
G1 X25.831965 Y-58.050000 Z0.600000 E0.002445357 F480.000000
G1 X25.342893 Y-58.050000 Z0.600000 E0.002445357 F480.000000
G1 X25.146447 Y-58.246447 Z0.600000 E0.001389087 F480.000000
G1 X24.950000 Y-58.442893 Z0.600000 E0.001389087 F480.000000
G1 X24.950000 Y-58.442893 Z2.600000 F480.000000
G1 X22.450000 Y-68.383333 Z2.600000 F1800.000000
G1 X22.450000 Y-68.383333 Z0.600000 F480.000000
G1 X22.936207 Y-68.383333 Z0.600000 E0.002431034 F480.000000
G1 X23.422414 Y-68.383333 Z0.600000 E0.002431034 F480.000000
G1 X23.908621 Y-68.383333 Z0.600000 E0.002431034 F480.000000
G1 X24.394828 Y-68.383333 Z0.600000 E0.002431034 F480.000000
G1 X24.881034 Y-68.383333 Z0.600000 E0.002431034 F480.000000
G1 X25.367241 Y-68.383333 Z0.600000 E0.002431034 F480.000000
G1 X25.853448 Y-68.383333 Z0.600000 E0.002431034 F480.000000
G1 X26.339655 Y-68.383333 Z0.600000 E0.002431034 F480.000000
G1 X26.825862 Y-68.383333 Z0.600000 E0.002431034 F480.000000
G1 X27.312069 Y-68.383333 Z0.600000 E0.002431034 F480.000000
G1 X27.798276 Y-68.383333 Z0.600000 E0.002431034 F480.000000
G1 X28.284483 Y-68.383333 Z0.600000 E0.002431034 F480.000000
G1 X28.770690 Y-68.383333 Z0.600000 E0.002431034 F480.000000
G1 X29.256897 Y-68.383333 Z0.600000 E0.002431034 F480.000000
G1 X29.743103 Y-68.383333 Z0.600000 E0.002431034 F480.000000
G1 X30.229310 Y-68.383333 Z0.600000 E0.002431034 F480.000000
G1 X30.715517 Y-68.383333 Z0.600000 E0.002431034 F480.000000
G1 X31.201724 Y-68.383333 Z0.600000 E0.002431034 F480.000000
G1 X31.687931 Y-68.383333 Z0.600000 E0.002431034 F480.000000
G1 X32.174138 Y-68.383333 Z0.600000 E0.002431034 F480.000000
G1 X32.660345 Y-68.383333 Z0.600000 E0.002431034 F480.000000
G1 X33.146552 Y-68.383333 Z0.600000 E0.002431034 F480.000000
G1 X33.632759 Y-68.383333 Z0.600000 E0.002431034 F480.000000
G1 X34.118966 Y-68.383333 Z0.600000 E0.002431034 F480.000000
G1 X34.605172 Y-68.383333 Z0.600000 E0.002431034 F480.000000
G1 X35.091379 Y-68.383333 Z0.600000 E0.002431034 F480.000000
G1 X35.577586 Y-68.383333 Z0.600000 E0.002431034 F480.000000
G1 X36.063793 Y-68.383333 Z0.600000 E0.002431034 F480.000000
G1 X36.550000 Y-68.383333 Z0.600000 E0.002431034 F480.000000
G1 X36.550000 Y-68.383333 Z2.600000 F480.000000
G1 X23.950000 Y-61.716667 Z2.600000 F1800.000000
G1 X23.950000 Y-61.716667 Z0.600000 F480.000000
G1 X23.450000 Y-61.716667 Z0.600000 E0.002500000 F480.000000
G1 X22.950000 Y-61.716667 Z0.600000 E0.002500000 F480.000000
G1 X22.450000 Y-61.716667 Z0.600000 E0.002500000 F480.000000
G1 X22.450000 Y-61.716667 Z2.600000 F480.000000
G1 X35.050000 Y-61.716667 Z2.600000 F1800.000000
G1 X35.050000 Y-61.716667 Z0.600000 F480.000000
G1 X35.550000 Y-61.716667 Z0.600000 E0.002500000 F480.000000
G1 X36.050000 Y-61.716667 Z0.600000 E0.002500000 F480.000000
G1 X36.550000 Y-61.716667 Z0.600000 E0.002500000 F480.000000
G1 X36.550000 Y-61.716667 Z2.500000 F480.000000
G1 X36.550000 Y-61.716667 Z2.600000 F480.000000
G1 X-38.550000 Y-54.550000 Z2.600000 F1800.000000
G1 X-38.550000 Y-54.550000 Z0.600000 F480.000000
G1 X-38.062121 Y-54.550000 Z0.600000 E0.002439394 F480.000000
G1 X-37.574242 Y-54.550000 Z0.600000 E0.002439394 F480.000000
G1 X-37.086364 Y-54.550000 Z0.600000 E0.002439394 F480.000000
G1 X-36.598485 Y-54.550000 Z0.600000 E0.002439394 F480.000000
G1 X-36.110606 Y-54.550000 Z0.600000 E0.002439394 F480.000000
G1 X-35.622727 Y-54.550000 Z0.600000 E0.002439394 F480.000000
G1 X-35.134848 Y-54.550000 Z0.600000 E0.002439394 F480.000000
G1 X-34.646970 Y-54.550000 Z0.600000 E0.002439394 F480.000000
G1 X-34.159091 Y-54.550000 Z0.600000 E0.002439394 F480.000000
G1 X-33.671212 Y-54.550000 Z0.600000 E0.002439394 F480.000000
G1 X-33.183333 Y-54.550000 Z0.600000 E0.002439394 F480.000000
G1 X-32.695455 Y-54.550000 Z0.600000 E0.002439394 F480.000000
G1 X-32.207576 Y-54.550000 Z0.600000 E0.002439394 F480.000000
G1 X-31.719697 Y-54.550000 Z0.600000 E0.002439394 F480.000000
G1 X-31.231818 Y-54.550000 Z0.600000 E0.002439394 F480.000000
G1 X-30.743939 Y-54.550000 Z0.600000 E0.002439394 F480.000000
G1 X-30.256061 Y-54.550000 Z0.600000 E0.002439394 F480.000000
G1 X-29.768182 Y-54.550000 Z0.600000 E0.002439394 F480.000000
G1 X-29.280303 Y-54.550000 Z0.600000 E0.002439394 F480.000000
G1 X-28.792424 Y-54.550000 Z0.600000 E0.002439394 F480.000000
G1 X-28.304545 Y-54.550000 Z0.600000 E0.002439394 F480.000000
G1 X-27.816667 Y-54.550000 Z0.600000 E0.002439394 F480.000000
G1 X-27.328788 Y-54.550000 Z0.600000 E0.002439394 F480.000000
G1 X-26.840909 Y-54.550000 Z0.600000 E0.002439394 F480.000000
G1 X-26.353030 Y-54.550000 Z0.600000 E0.002439394 F480.000000
G1 X-25.865152 Y-54.550000 Z0.600000 E0.002439394 F480.000000
G1 X-25.377273 Y-54.550000 Z0.600000 E0.002439394 F480.000000
G1 X-24.889394 Y-54.550000 Z0.600000 E0.002439394 F480.000000
G1 X-24.401515 Y-54.550000 Z0.600000 E0.002439394 F480.000000
G1 X-23.913636 Y-54.550000 Z0.600000 E0.002439394 F480.000000
G1 X-23.425758 Y-54.550000 Z0.600000 E0.002439394 F480.000000
G1 X-22.937879 Y-54.550000 Z0.600000 E0.002439394 F480.000000
G1 X-22.450000 Y-54.550000 Z0.600000 E0.002439394 F480.000000
G1 X-22.450000 Y-55.037879 Z0.600000 E0.002439394 F480.000000
G1 X-22.450000 Y-55.525758 Z0.600000 E0.002439394 F480.000000
G1 X-22.450000 Y-56.013636 Z0.600000 E0.002439394 F480.000000
G1 X-22.450000 Y-56.501515 Z0.600000 E0.002439394 F480.000000
G1 X-22.450000 Y-56.989394 Z0.600000 E0.002439394 F480.000000
G1 X-22.450000 Y-57.477273 Z0.600000 E0.002439394 F480.000000
G1 X-22.450000 Y-57.965152 Z0.600000 E0.002439394 F480.000000
G1 X-22.450000 Y-58.453030 Z0.600000 E0.002439394 F480.000000
G1 X-22.450000 Y-58.940909 Z0.600000 E0.002439394 F480.000000
G1 X-22.450000 Y-59.428788 Z0.600000 E0.002439394 F480.000000
G1 X-22.450000 Y-59.916667 Z0.600000 E0.002439394 F480.000000
G1 X-22.450000 Y-60.404545 Z0.600000 E0.002439394 F480.000000
G1 X-22.450000 Y-60.892424 Z0.600000 E0.002439394 F480.000000
G1 X-22.450000 Y-61.380303 Z0.600000 E0.002439394 F480.000000
G1 X-22.450000 Y-61.868182 Z0.600000 E0.002439394 F480.000000
G1 X-22.450000 Y-62.356061 Z0.600000 E0.002439394 F480.000000
G1 X-22.450000 Y-62.843939 Z0.600000 E0.002439394 F480.000000
G1 X-22.450000 Y-63.331818 Z0.600000 E0.002439394 F480.000000
G1 X-22.450000 Y-63.819697 Z0.600000 E0.002439394 F480.000000
G1 X-22.450000 Y-64.307576 Z0.600000 E0.002439394 F480.000000
G1 X-22.450000 Y-64.795455 Z0.600000 E0.002439394 F480.000000
G1 X-22.450000 Y-65.283333 Z0.600000 E0.002439394 F480.000000
G1 X-22.450000 Y-65.771212 Z0.600000 E0.002439394 F480.000000
G1 X-22.450000 Y-66.259091 Z0.600000 E0.002439394 F480.000000
G1 X-22.450000 Y-66.746970 Z0.600000 E0.002439394 F480.000000
G1 X-22.450000 Y-67.234848 Z0.600000 E0.002439394 F480.000000
G1 X-22.450000 Y-67.722727 Z0.600000 E0.002439394 F480.000000
G1 X-22.450000 Y-68.210606 Z0.600000 E0.002439394 F480.000000
G1 X-22.450000 Y-68.698485 Z0.600000 E0.002439394 F480.000000
G1 X-22.450000 Y-69.186364 Z0.600000 E0.002439394 F480.000000
G1 X-22.450000 Y-69.674242 Z0.600000 E0.002439394 F480.000000
G1 X-22.450000 Y-70.162121 Z0.600000 E0.002439394 F480.000000
G1 X-22.450000 Y-70.650000 Z0.600000 E0.002439394 F480.000000
G1 X-22.937879 Y-70.650000 Z0.600000 E0.002439394 F480.000000
G1 X-23.425758 Y-70.650000 Z0.600000 E0.002439394 F480.000000
G1 X-23.913636 Y-70.650000 Z0.600000 E0.002439394 F480.000000
G1 X-24.401515 Y-70.650000 Z0.600000 E0.002439394 F480.000000
G1 X-24.889394 Y-70.650000 Z0.600000 E0.002439394 F480.000000
G1 X-25.377273 Y-70.650000 Z0.600000 E0.002439394 F480.000000
G1 X-25.865152 Y-70.650000 Z0.600000 E0.002439394 F480.000000
G1 X-26.353030 Y-70.650000 Z0.600000 E0.002439394 F480.000000
G1 X-26.840909 Y-70.650000 Z0.600000 E0.002439394 F480.000000
G1 X-27.328788 Y-70.650000 Z0.600000 E0.002439394 F480.000000
G1 X-27.816667 Y-70.650000 Z0.600000 E0.002439394 F480.000000
G1 X-28.304545 Y-70.650000 Z0.600000 E0.002439394 F480.000000
G1 X-28.792424 Y-70.650000 Z0.600000 E0.002439394 F480.000000
G1 X-29.280303 Y-70.650000 Z0.600000 E0.002439394 F480.000000
G1 X-29.768182 Y-70.650000 Z0.600000 E0.002439394 F480.000000
G1 X-30.256061 Y-70.650000 Z0.600000 E0.002439394 F480.000000
G1 X-30.743939 Y-70.650000 Z0.600000 E0.002439394 F480.000000
G1 X-31.231818 Y-70.650000 Z0.600000 E0.002439394 F480.000000
G1 X-31.719697 Y-70.650000 Z0.600000 E0.002439394 F480.000000
G1 X-32.207576 Y-70.650000 Z0.600000 E0.002439394 F480.000000
G1 X-32.695455 Y-70.650000 Z0.600000 E0.002439394 F480.000000
G1 X-33.183333 Y-70.650000 Z0.600000 E0.002439394 F480.000000
G1 X-33.671212 Y-70.650000 Z0.600000 E0.002439394 F480.000000
G1 X-34.159091 Y-70.650000 Z0.600000 E0.002439394 F480.000000
G1 X-34.646970 Y-70.650000 Z0.600000 E0.002439394 F480.000000
G1 X-35.134848 Y-70.650000 Z0.600000 E0.002439394 F480.000000
G1 X-35.622727 Y-70.650000 Z0.600000 E0.002439394 F480.000000
G1 X-36.110606 Y-70.650000 Z0.600000 E0.002439394 F480.000000
G1 X-36.598485 Y-70.650000 Z0.600000 E0.002439394 F480.000000
G1 X-37.086364 Y-70.650000 Z0.600000 E0.002439394 F480.000000
G1 X-37.574242 Y-70.650000 Z0.600000 E0.002439394 F480.000000
G1 X-38.062121 Y-70.650000 Z0.600000 E0.002439394 F480.000000
G1 X-38.550000 Y-70.650000 Z0.600000 E0.002439394 F480.000000
G1 X-38.550000 Y-70.162121 Z0.600000 E0.002439394 F480.000000
G1 X-38.550000 Y-69.674242 Z0.600000 E0.002439394 F480.000000
G1 X-38.550000 Y-69.186364 Z0.600000 E0.002439394 F480.000000
G1 X-38.550000 Y-68.698485 Z0.600000 E0.002439394 F480.000000
G1 X-38.550000 Y-68.210606 Z0.600000 E0.002439394 F480.000000
G1 X-38.550000 Y-67.722727 Z0.600000 E0.002439394 F480.000000
G1 X-38.550000 Y-67.234848 Z0.600000 E0.002439394 F480.000000
G1 X-38.550000 Y-66.746970 Z0.600000 E0.002439394 F480.000000
G1 X-38.550000 Y-66.259091 Z0.600000 E0.002439394 F480.000000
G1 X-38.550000 Y-65.771212 Z0.600000 E0.002439394 F480.000000
G1 X-38.550000 Y-65.283333 Z0.600000 E0.002439394 F480.000000
G1 X-38.550000 Y-64.795455 Z0.600000 E0.002439394 F480.000000
G1 X-38.550000 Y-64.307576 Z0.600000 E0.002439394 F480.000000
G1 X-38.550000 Y-63.819697 Z0.600000 E0.002439394 F480.000000
G1 X-38.550000 Y-63.331818 Z0.600000 E0.002439394 F480.000000
G1 X-38.550000 Y-62.843939 Z0.600000 E0.002439394 F480.000000
G1 X-38.550000 Y-62.356061 Z0.600000 E0.002439394 F480.000000
G1 X-38.550000 Y-61.868182 Z0.600000 E0.002439394 F480.000000
G1 X-38.550000 Y-61.380303 Z0.600000 E0.002439394 F480.000000
G1 X-38.550000 Y-60.892424 Z0.600000 E0.002439394 F480.000000
G1 X-38.550000 Y-60.404545 Z0.600000 E0.002439394 F480.000000
G1 X-38.550000 Y-59.916667 Z0.600000 E0.002439394 F480.000000
G1 X-38.550000 Y-59.428788 Z0.600000 E0.002439394 F480.000000
G1 X-38.550000 Y-58.940909 Z0.600000 E0.002439394 F480.000000
G1 X-38.550000 Y-58.453030 Z0.600000 E0.002439394 F480.000000
G1 X-38.550000 Y-57.965152 Z0.600000 E0.002439394 F480.000000
G1 X-38.550000 Y-57.477273 Z0.600000 E0.002439394 F480.000000
G1 X-38.550000 Y-56.989394 Z0.600000 E0.002439394 F480.000000
G1 X-38.550000 Y-56.501515 Z0.600000 E0.002439394 F480.000000
G1 X-38.550000 Y-56.013636 Z0.600000 E0.002439394 F480.000000
G1 X-38.550000 Y-55.525758 Z0.600000 E0.002439394 F480.000000
G1 X-38.550000 Y-55.037879 Z0.600000 E0.002439394 F480.000000
G1 X-38.550000 Y-54.550000 Z0.600000 E0.002439394 F480.000000
G1 X-38.550000 Y-54.550000 Z2.600000 F480.000000
G1 X-35.050000 Y-58.442893 Z2.600000 F1800.000000
G1 X-35.050000 Y-58.442893 Z0.600000 F480.000000
G1 X-35.050000 Y-58.931965 Z0.600000 E0.002445357 F480.000000
G1 X-35.050000 Y-59.421036 Z0.600000 E0.002445357 F480.000000
G1 X-35.050000 Y-59.910107 Z0.600000 E0.002445357 F480.000000
G1 X-35.050000 Y-60.399179 Z0.600000 E0.002445357 F480.000000
G1 X-35.050000 Y-60.888250 Z0.600000 E0.002445357 F480.000000
G1 X-35.050000 Y-61.377322 Z0.600000 E0.002445357 F480.000000
G1 X-35.050000 Y-61.866393 Z0.600000 E0.002445357 F480.000000
G1 X-35.050000 Y-62.355464 Z0.600000 E0.002445357 F480.000000
G1 X-35.050000 Y-62.844536 Z0.600000 E0.002445357 F480.000000
G1 X-35.050000 Y-63.333607 Z0.600000 E0.002445357 F480.000000
G1 X-35.050000 Y-63.822678 Z0.600000 E0.002445357 F480.000000
G1 X-35.050000 Y-64.311750 Z0.600000 E0.002445357 F480.000000
G1 X-35.050000 Y-64.800821 Z0.600000 E0.002445357 F480.000000
G1 X-35.050000 Y-65.289893 Z0.600000 E0.002445357 F480.000000
G1 X-35.050000 Y-65.778964 Z0.600000 E0.002445357 F480.000000
G1 X-35.050000 Y-66.268035 Z0.600000 E0.002445357 F480.000000
G1 X-35.050000 Y-66.757107 Z0.600000 E0.002445357 F480.000000
G1 X-34.853553 Y-66.953553 Z0.600000 E0.001389087 F480.000000
G1 X-34.657107 Y-67.150000 Z0.600000 E0.001389087 F480.000000
G1 X-34.168035 Y-67.150000 Z0.600000 E0.002445357 F480.000000
G1 X-33.678964 Y-67.150000 Z0.600000 E0.002445357 F480.000000
G1 X-33.189893 Y-67.150000 Z0.600000 E0.002445357 F480.000000
G1 X-32.700821 Y-67.150000 Z0.600000 E0.002445357 F480.000000
G1 X-32.211750 Y-67.150000 Z0.600000 E0.002445357 F480.000000
G1 X-31.722678 Y-67.150000 Z0.600000 E0.002445357 F480.000000
G1 X-31.233607 Y-67.150000 Z0.600000 E0.002445357 F480.000000
G1 X-30.744536 Y-67.150000 Z0.600000 E0.002445357 F480.000000
G1 X-30.255464 Y-67.150000 Z0.600000 E0.002445357 F480.000000
G1 X-29.766393 Y-67.150000 Z0.600000 E0.002445357 F480.000000
G1 X-29.277322 Y-67.150000 Z0.600000 E0.002445357 F480.000000
G1 X-28.788250 Y-67.150000 Z0.600000 E0.002445357 F480.000000
G1 X-28.299179 Y-67.150000 Z0.600000 E0.002445357 F480.000000
G1 X-27.810107 Y-67.150000 Z0.600000 E0.002445357 F480.000000
G1 X-27.321036 Y-67.150000 Z0.600000 E0.002445357 F480.000000
G1 X-26.831965 Y-67.150000 Z0.600000 E0.002445357 F480.000000
G1 X-26.342893 Y-67.150000 Z0.600000 E0.002445357 F480.000000
G1 X-26.146447 Y-66.953553 Z0.600000 E0.001389087 F480.000000
G1 X-25.950000 Y-66.757107 Z0.600000 E0.001389087 F480.000000
G1 X-25.950000 Y-66.268035 Z0.600000 E0.002445357 F480.000000
G1 X-25.950000 Y-65.778964 Z0.600000 E0.002445357 F480.000000
G1 X-25.950000 Y-65.289893 Z0.600000 E0.002445357 F480.000000
G1 X-25.950000 Y-64.800821 Z0.600000 E0.002445357 F480.000000
G1 X-25.950000 Y-64.311750 Z0.600000 E0.002445357 F480.000000
G1 X-25.950000 Y-63.822678 Z0.600000 E0.002445357 F480.000000
G1 X-25.950000 Y-63.333607 Z0.600000 E0.002445357 F480.000000
G1 X-25.950000 Y-62.844536 Z0.600000 E0.002445357 F480.000000
G1 X-25.950000 Y-62.355464 Z0.600000 E0.002445357 F480.000000
G1 X-25.950000 Y-61.866393 Z0.600000 E0.002445357 F480.000000
G1 X-25.950000 Y-61.377322 Z0.600000 E0.002445357 F480.000000
G1 X-25.950000 Y-60.888250 Z0.600000 E0.002445357 F480.000000
G1 X-25.950000 Y-60.399179 Z0.600000 E0.002445357 F480.000000
G1 X-25.950000 Y-59.910107 Z0.600000 E0.002445357 F480.000000
G1 X-25.950000 Y-59.421036 Z0.600000 E0.002445357 F480.000000
G1 X-25.950000 Y-58.931965 Z0.600000 E0.002445357 F480.000000
G1 X-25.950000 Y-58.442893 Z0.600000 E0.002445357 F480.000000
G1 X-26.146447 Y-58.246447 Z0.600000 E0.001389087 F480.000000
G1 X-26.342893 Y-58.050000 Z0.600000 E0.001389087 F480.000000
G1 X-26.831965 Y-58.050000 Z0.600000 E0.002445357 F480.000000
G1 X-27.321036 Y-58.050000 Z0.600000 E0.002445357 F480.000000
G1 X-27.810107 Y-58.050000 Z0.600000 E0.002445357 F480.000000
G1 X-28.299179 Y-58.050000 Z0.600000 E0.002445357 F480.000000
G1 X-28.788250 Y-58.050000 Z0.600000 E0.002445357 F480.000000
G1 X-29.277322 Y-58.050000 Z0.600000 E0.002445357 F480.000000
G1 X-29.766393 Y-58.050000 Z0.600000 E0.002445357 F480.000000
G1 X-30.255464 Y-58.050000 Z0.600000 E0.002445357 F480.000000
G1 X-30.744536 Y-58.050000 Z0.600000 E0.002445357 F480.000000
G1 X-31.233607 Y-58.050000 Z0.600000 E0.002445357 F480.000000
G1 X-31.722678 Y-58.050000 Z0.600000 E0.002445357 F480.000000
G1 X-32.211750 Y-58.050000 Z0.600000 E0.002445357 F480.000000
G1 X-32.700821 Y-58.050000 Z0.600000 E0.002445357 F480.000000
G1 X-33.189893 Y-58.050000 Z0.600000 E0.002445357 F480.000000
G1 X-33.678964 Y-58.050000 Z0.600000 E0.002445357 F480.000000
G1 X-34.168035 Y-58.050000 Z0.600000 E0.002445357 F480.000000
G1 X-34.657107 Y-58.050000 Z0.600000 E0.002445357 F480.000000
G1 X-34.853553 Y-58.246447 Z0.600000 E0.001389087 F480.000000
G1 X-35.050000 Y-58.442893 Z0.600000 E0.001389087 F480.000000
G1 X-35.050000 Y-58.442893 Z2.600000 F480.000000
G1 X-37.550000 Y-68.383333 Z2.600000 F1800.000000
G1 X-37.550000 Y-68.383333 Z0.600000 F480.000000
G1 X-37.063793 Y-68.383333 Z0.600000 E0.002431034 F480.000000
G1 X-36.577586 Y-68.383333 Z0.600000 E0.002431034 F480.000000
G1 X-36.091379 Y-68.383333 Z0.600000 E0.002431034 F480.000000
G1 X-35.605172 Y-68.383333 Z0.600000 E0.002431034 F480.000000
G1 X-35.118966 Y-68.383333 Z0.600000 E0.002431034 F480.000000
G1 X-34.632759 Y-68.383333 Z0.600000 E0.002431034 F480.000000
G1 X-34.146552 Y-68.383333 Z0.600000 E0.002431034 F480.000000
G1 X-33.660345 Y-68.383333 Z0.600000 E0.002431034 F480.000000
G1 X-33.174138 Y-68.383333 Z0.600000 E0.002431034 F480.000000
G1 X-32.687931 Y-68.383333 Z0.600000 E0.002431034 F480.000000
G1 X-32.201724 Y-68.383333 Z0.600000 E0.002431034 F480.000000
G1 X-31.715517 Y-68.383333 Z0.600000 E0.002431034 F480.000000
G1 X-31.229310 Y-68.383333 Z0.600000 E0.002431034 F480.000000
G1 X-30.743103 Y-68.383333 Z0.600000 E0.002431034 F480.000000
G1 X-30.256897 Y-68.383333 Z0.600000 E0.002431034 F480.000000
G1 X-29.770690 Y-68.383333 Z0.600000 E0.002431034 F480.000000
G1 X-29.284483 Y-68.383333 Z0.600000 E0.002431034 F480.000000
G1 X-28.798276 Y-68.383333 Z0.600000 E0.002431034 F480.000000
G1 X-28.312069 Y-68.383333 Z0.600000 E0.002431034 F480.000000
G1 X-27.825862 Y-68.383333 Z0.600000 E0.002431034 F480.000000
G1 X-27.339655 Y-68.383333 Z0.600000 E0.002431034 F480.000000
G1 X-26.853448 Y-68.383333 Z0.600000 E0.002431034 F480.000000
G1 X-26.367241 Y-68.383333 Z0.600000 E0.002431034 F480.000000
G1 X-25.881034 Y-68.383333 Z0.600000 E0.002431034 F480.000000
G1 X-25.394828 Y-68.383333 Z0.600000 E0.002431034 F480.000000
G1 X-24.908621 Y-68.383333 Z0.600000 E0.002431034 F480.000000
G1 X-24.422414 Y-68.383333 Z0.600000 E0.002431034 F480.000000
G1 X-23.936207 Y-68.383333 Z0.600000 E0.002431034 F480.000000
G1 X-23.450000 Y-68.383333 Z0.600000 E0.002431034 F480.000000
G1 X-23.450000 Y-68.383333 Z2.600000 F480.000000
G1 X-36.050000 Y-61.716667 Z2.600000 F1800.000000
G1 X-36.050000 Y-61.716667 Z0.600000 F480.000000
G1 X-36.550000 Y-61.716667 Z0.600000 E0.002500000 F480.000000
G1 X-37.050000 Y-61.716667 Z0.600000 E0.002500000 F480.000000
G1 X-37.550000 Y-61.716667 Z0.600000 E0.002500000 F480.000000
G1 X-37.550000 Y-61.716667 Z2.600000 F480.000000
G1 X-24.950000 Y-61.716667 Z2.600000 F1800.000000
G1 X-24.950000 Y-61.716667 Z0.600000 F480.000000
G1 X-24.450000 Y-61.716667 Z0.600000 E0.002500000 F480.000000
G1 X-23.950000 Y-61.716667 Z0.600000 E0.002500000 F480.000000
G1 X-23.450000 Y-61.716667 Z0.600000 E0.002500000 F480.000000
G1 X-23.450000 Y-61.716667 Z2.500000 F480.000000
G1 X-23.450000 Y-61.716667 Z2.600000 F480.000000
G1 X-38.550000 Y70.450000 Z2.600000 F1800.000000
G1 X-38.550000 Y70.450000 Z0.600000 F480.000000
G1 X-38.062121 Y70.450000 Z0.600000 E0.002439394 F480.000000
G1 X-37.574242 Y70.450000 Z0.600000 E0.002439394 F480.000000
G1 X-37.086364 Y70.450000 Z0.600000 E0.002439394 F480.000000
G1 X-36.598485 Y70.450000 Z0.600000 E0.002439394 F480.000000
G1 X-36.110606 Y70.450000 Z0.600000 E0.002439394 F480.000000
G1 X-35.622727 Y70.450000 Z0.600000 E0.002439394 F480.000000
G1 X-35.134848 Y70.450000 Z0.600000 E0.002439394 F480.000000
G1 X-34.646970 Y70.450000 Z0.600000 E0.002439394 F480.000000
G1 X-34.159091 Y70.450000 Z0.600000 E0.002439394 F480.000000
G1 X-33.671212 Y70.450000 Z0.600000 E0.002439394 F480.000000
G1 X-33.183333 Y70.450000 Z0.600000 E0.002439394 F480.000000
G1 X-32.695455 Y70.450000 Z0.600000 E0.002439394 F480.000000
G1 X-32.207576 Y70.450000 Z0.600000 E0.002439394 F480.000000
G1 X-31.719697 Y70.450000 Z0.600000 E0.002439394 F480.000000
G1 X-31.231818 Y70.450000 Z0.600000 E0.002439394 F480.000000
G1 X-30.743939 Y70.450000 Z0.600000 E0.002439394 F480.000000
G1 X-30.256061 Y70.450000 Z0.600000 E0.002439394 F480.000000
G1 X-29.768182 Y70.450000 Z0.600000 E0.002439394 F480.000000
G1 X-29.280303 Y70.450000 Z0.600000 E0.002439394 F480.000000
G1 X-28.792424 Y70.450000 Z0.600000 E0.002439394 F480.000000
G1 X-28.304545 Y70.450000 Z0.600000 E0.002439394 F480.000000
G1 X-27.816667 Y70.450000 Z0.600000 E0.002439394 F480.000000
G1 X-27.328788 Y70.450000 Z0.600000 E0.002439394 F480.000000
G1 X-26.840909 Y70.450000 Z0.600000 E0.002439394 F480.000000
G1 X-26.353030 Y70.450000 Z0.600000 E0.002439394 F480.000000
G1 X-25.865152 Y70.450000 Z0.600000 E0.002439394 F480.000000
G1 X-25.377273 Y70.450000 Z0.600000 E0.002439394 F480.000000
G1 X-24.889394 Y70.450000 Z0.600000 E0.002439394 F480.000000
G1 X-24.401515 Y70.450000 Z0.600000 E0.002439394 F480.000000
G1 X-23.913636 Y70.450000 Z0.600000 E0.002439394 F480.000000
G1 X-23.425758 Y70.450000 Z0.600000 E0.002439394 F480.000000
G1 X-22.937879 Y70.450000 Z0.600000 E0.002439394 F480.000000
G1 X-22.450000 Y70.450000 Z0.600000 E0.002439394 F480.000000
G1 X-22.450000 Y69.962121 Z0.600000 E0.002439394 F480.000000
G1 X-22.450000 Y69.474242 Z0.600000 E0.002439394 F480.000000
G1 X-22.450000 Y68.986364 Z0.600000 E0.002439394 F480.000000
G1 X-22.450000 Y68.498485 Z0.600000 E0.002439394 F480.000000
G1 X-22.450000 Y68.010606 Z0.600000 E0.002439394 F480.000000
G1 X-22.450000 Y67.522727 Z0.600000 E0.002439394 F480.000000
G1 X-22.450000 Y67.034848 Z0.600000 E0.002439394 F480.000000
G1 X-22.450000 Y66.546970 Z0.600000 E0.002439394 F480.000000
G1 X-22.450000 Y66.059091 Z0.600000 E0.002439394 F480.000000
G1 X-22.450000 Y65.571212 Z0.600000 E0.002439394 F480.000000
G1 X-22.450000 Y65.083333 Z0.600000 E0.002439394 F480.000000
G1 X-22.450000 Y64.595455 Z0.600000 E0.002439394 F480.000000
G1 X-22.450000 Y64.107576 Z0.600000 E0.002439394 F480.000000
G1 X-22.450000 Y63.619697 Z0.600000 E0.002439394 F480.000000
G1 X-22.450000 Y63.131818 Z0.600000 E0.002439394 F480.000000
G1 X-22.450000 Y62.643939 Z0.600000 E0.002439394 F480.000000
G1 X-22.450000 Y62.156061 Z0.600000 E0.002439394 F480.000000
G1 X-22.450000 Y61.668182 Z0.600000 E0.002439394 F480.000000
G1 X-22.450000 Y61.180303 Z0.600000 E0.002439394 F480.000000
G1 X-22.450000 Y60.692424 Z0.600000 E0.002439394 F480.000000
G1 X-22.450000 Y60.204545 Z0.600000 E0.002439394 F480.000000
G1 X-22.450000 Y59.716667 Z0.600000 E0.002439394 F480.000000
G1 X-22.450000 Y59.228788 Z0.600000 E0.002439394 F480.000000
G1 X-22.450000 Y58.740909 Z0.600000 E0.002439394 F480.000000
G1 X-22.450000 Y58.253030 Z0.600000 E0.002439394 F480.000000
G1 X-22.450000 Y57.765152 Z0.600000 E0.002439394 F480.000000
G1 X-22.450000 Y57.277273 Z0.600000 E0.002439394 F480.000000
G1 X-22.450000 Y56.789394 Z0.600000 E0.002439394 F480.000000
G1 X-22.450000 Y56.301515 Z0.600000 E0.002439394 F480.000000
G1 X-22.450000 Y55.813636 Z0.600000 E0.002439394 F480.000000
G1 X-22.450000 Y55.325758 Z0.600000 E0.002439394 F480.000000
G1 X-22.450000 Y54.837879 Z0.600000 E0.002439394 F480.000000
G1 X-22.450000 Y54.350000 Z0.600000 E0.002439394 F480.000000
G1 X-22.937879 Y54.350000 Z0.600000 E0.002439394 F480.000000
G1 X-23.425758 Y54.350000 Z0.600000 E0.002439394 F480.000000
G1 X-23.913636 Y54.350000 Z0.600000 E0.002439394 F480.000000
G1 X-24.401515 Y54.350000 Z0.600000 E0.002439394 F480.000000
G1 X-24.889394 Y54.350000 Z0.600000 E0.002439394 F480.000000
G1 X-25.377273 Y54.350000 Z0.600000 E0.002439394 F480.000000
G1 X-25.865152 Y54.350000 Z0.600000 E0.002439394 F480.000000
G1 X-26.353030 Y54.350000 Z0.600000 E0.002439394 F480.000000
G1 X-26.840909 Y54.350000 Z0.600000 E0.002439394 F480.000000
G1 X-27.328788 Y54.350000 Z0.600000 E0.002439394 F480.000000
G1 X-27.816667 Y54.350000 Z0.600000 E0.002439394 F480.000000
G1 X-28.304545 Y54.350000 Z0.600000 E0.002439394 F480.000000
G1 X-28.792424 Y54.350000 Z0.600000 E0.002439394 F480.000000
G1 X-29.280303 Y54.350000 Z0.600000 E0.002439394 F480.000000
G1 X-29.768182 Y54.350000 Z0.600000 E0.002439394 F480.000000
G1 X-30.256061 Y54.350000 Z0.600000 E0.002439394 F480.000000
G1 X-30.743939 Y54.350000 Z0.600000 E0.002439394 F480.000000
G1 X-31.231818 Y54.350000 Z0.600000 E0.002439394 F480.000000
G1 X-31.719697 Y54.350000 Z0.600000 E0.002439394 F480.000000
G1 X-32.207576 Y54.350000 Z0.600000 E0.002439394 F480.000000
G1 X-32.695455 Y54.350000 Z0.600000 E0.002439394 F480.000000
G1 X-33.183333 Y54.350000 Z0.600000 E0.002439394 F480.000000
G1 X-33.671212 Y54.350000 Z0.600000 E0.002439394 F480.000000
G1 X-34.159091 Y54.350000 Z0.600000 E0.002439394 F480.000000
G1 X-34.646970 Y54.350000 Z0.600000 E0.002439394 F480.000000
G1 X-35.134848 Y54.350000 Z0.600000 E0.002439394 F480.000000
G1 X-35.622727 Y54.350000 Z0.600000 E0.002439394 F480.000000
G1 X-36.110606 Y54.350000 Z0.600000 E0.002439394 F480.000000
G1 X-36.598485 Y54.350000 Z0.600000 E0.002439394 F480.000000
G1 X-37.086364 Y54.350000 Z0.600000 E0.002439394 F480.000000
G1 X-37.574242 Y54.350000 Z0.600000 E0.002439394 F480.000000
G1 X-38.062121 Y54.350000 Z0.600000 E0.002439394 F480.000000
G1 X-38.550000 Y54.350000 Z0.600000 E0.002439394 F480.000000
G1 X-38.550000 Y54.837879 Z0.600000 E0.002439394 F480.000000
G1 X-38.550000 Y55.325758 Z0.600000 E0.002439394 F480.000000
G1 X-38.550000 Y55.813636 Z0.600000 E0.002439394 F480.000000
G1 X-38.550000 Y56.301515 Z0.600000 E0.002439394 F480.000000
G1 X-38.550000 Y56.789394 Z0.600000 E0.002439394 F480.000000
G1 X-38.550000 Y57.277273 Z0.600000 E0.002439394 F480.000000
G1 X-38.550000 Y57.765152 Z0.600000 E0.002439394 F480.000000
G1 X-38.550000 Y58.253030 Z0.600000 E0.002439394 F480.000000
G1 X-38.550000 Y58.740909 Z0.600000 E0.002439394 F480.000000
G1 X-38.550000 Y59.228788 Z0.600000 E0.002439394 F480.000000
G1 X-38.550000 Y59.716667 Z0.600000 E0.002439394 F480.000000
G1 X-38.550000 Y60.204545 Z0.600000 E0.002439394 F480.000000
G1 X-38.550000 Y60.692424 Z0.600000 E0.002439394 F480.000000
G1 X-38.550000 Y61.180303 Z0.600000 E0.002439394 F480.000000
G1 X-38.550000 Y61.668182 Z0.600000 E0.002439394 F480.000000
G1 X-38.550000 Y62.156061 Z0.600000 E0.002439394 F480.000000
G1 X-38.550000 Y62.643939 Z0.600000 E0.002439394 F480.000000
G1 X-38.550000 Y63.131818 Z0.600000 E0.002439394 F480.000000
G1 X-38.550000 Y63.619697 Z0.600000 E0.002439394 F480.000000
G1 X-38.550000 Y64.107576 Z0.600000 E0.002439394 F480.000000
G1 X-38.550000 Y64.595455 Z0.600000 E0.002439394 F480.000000
G1 X-38.550000 Y65.083333 Z0.600000 E0.002439394 F480.000000
G1 X-38.550000 Y65.571212 Z0.600000 E0.002439394 F480.000000
G1 X-38.550000 Y66.059091 Z0.600000 E0.002439394 F480.000000
G1 X-38.550000 Y66.546970 Z0.600000 E0.002439394 F480.000000
G1 X-38.550000 Y67.034848 Z0.600000 E0.002439394 F480.000000
G1 X-38.550000 Y67.522727 Z0.600000 E0.002439394 F480.000000
G1 X-38.550000 Y68.010606 Z0.600000 E0.002439394 F480.000000
G1 X-38.550000 Y68.498485 Z0.600000 E0.002439394 F480.000000
G1 X-38.550000 Y68.986364 Z0.600000 E0.002439394 F480.000000
G1 X-38.550000 Y69.474242 Z0.600000 E0.002439394 F480.000000
G1 X-38.550000 Y69.962121 Z0.600000 E0.002439394 F480.000000
G1 X-38.550000 Y70.450000 Z0.600000 E0.002439394 F480.000000
G1 X-38.550000 Y70.450000 Z2.600000 F480.000000
G1 X-35.050000 Y66.557107 Z2.600000 F1800.000000
G1 X-35.050000 Y66.557107 Z0.600000 F480.000000
G1 X-35.050000 Y66.068035 Z0.600000 E0.002445357 F480.000000
G1 X-35.050000 Y65.578964 Z0.600000 E0.002445357 F480.000000
G1 X-35.050000 Y65.089893 Z0.600000 E0.002445357 F480.000000
G1 X-35.050000 Y64.600821 Z0.600000 E0.002445357 F480.000000
G1 X-35.050000 Y64.111750 Z0.600000 E0.002445357 F480.000000
G1 X-35.050000 Y63.622678 Z0.600000 E0.002445357 F480.000000
G1 X-35.050000 Y63.133607 Z0.600000 E0.002445357 F480.000000
G1 X-35.050000 Y62.644536 Z0.600000 E0.002445357 F480.000000
G1 X-35.050000 Y62.155464 Z0.600000 E0.002445357 F480.000000
G1 X-35.050000 Y61.666393 Z0.600000 E0.002445357 F480.000000
G1 X-35.050000 Y61.177322 Z0.600000 E0.002445357 F480.000000
G1 X-35.050000 Y60.688250 Z0.600000 E0.002445357 F480.000000
G1 X-35.050000 Y60.199179 Z0.600000 E0.002445357 F480.000000
G1 X-35.050000 Y59.710107 Z0.600000 E0.002445357 F480.000000
G1 X-35.050000 Y59.221036 Z0.600000 E0.002445357 F480.000000
G1 X-35.050000 Y58.731965 Z0.600000 E0.002445357 F480.000000
G1 X-35.050000 Y58.242893 Z0.600000 E0.002445357 F480.000000
G1 X-34.853553 Y58.046447 Z0.600000 E0.001389087 F480.000000
G1 X-34.657107 Y57.850000 Z0.600000 E0.001389087 F480.000000
G1 X-34.168035 Y57.850000 Z0.600000 E0.002445357 F480.000000
G1 X-33.678964 Y57.850000 Z0.600000 E0.002445357 F480.000000
G1 X-33.189893 Y57.850000 Z0.600000 E0.002445357 F480.000000
G1 X-32.700821 Y57.850000 Z0.600000 E0.002445357 F480.000000
G1 X-32.211750 Y57.850000 Z0.600000 E0.002445357 F480.000000
G1 X-31.722678 Y57.850000 Z0.600000 E0.002445357 F480.000000
G1 X-31.233607 Y57.850000 Z0.600000 E0.002445357 F480.000000
G1 X-30.744536 Y57.850000 Z0.600000 E0.002445357 F480.000000
G1 X-30.255464 Y57.850000 Z0.600000 E0.002445357 F480.000000
G1 X-29.766393 Y57.850000 Z0.600000 E0.002445357 F480.000000
G1 X-29.277322 Y57.850000 Z0.600000 E0.002445357 F480.000000
G1 X-28.788250 Y57.850000 Z0.600000 E0.002445357 F480.000000
G1 X-28.299179 Y57.850000 Z0.600000 E0.002445357 F480.000000
G1 X-27.810107 Y57.850000 Z0.600000 E0.002445357 F480.000000
G1 X-27.321036 Y57.850000 Z0.600000 E0.002445357 F480.000000
G1 X-26.831965 Y57.850000 Z0.600000 E0.002445357 F480.000000
G1 X-26.342893 Y57.850000 Z0.600000 E0.002445357 F480.000000
G1 X-26.146447 Y58.046447 Z0.600000 E0.001389087 F480.000000
G1 X-25.950000 Y58.242893 Z0.600000 E0.001389087 F480.000000
G1 X-25.950000 Y58.731965 Z0.600000 E0.002445357 F480.000000
G1 X-25.950000 Y59.221036 Z0.600000 E0.002445357 F480.000000
G1 X-25.950000 Y59.710107 Z0.600000 E0.002445357 F480.000000
G1 X-25.950000 Y60.199179 Z0.600000 E0.002445357 F480.000000
G1 X-25.950000 Y60.688250 Z0.600000 E0.002445357 F480.000000
G1 X-25.950000 Y61.177322 Z0.600000 E0.002445357 F480.000000
G1 X-25.950000 Y61.666393 Z0.600000 E0.002445357 F480.000000
G1 X-25.950000 Y62.155464 Z0.600000 E0.002445357 F480.000000
G1 X-25.950000 Y62.644536 Z0.600000 E0.002445357 F480.000000
G1 X-25.950000 Y63.133607 Z0.600000 E0.002445357 F480.000000
G1 X-25.950000 Y63.622678 Z0.600000 E0.002445357 F480.000000
G1 X-25.950000 Y64.111750 Z0.600000 E0.002445357 F480.000000
G1 X-25.950000 Y64.600821 Z0.600000 E0.002445357 F480.000000
G1 X-25.950000 Y65.089893 Z0.600000 E0.002445357 F480.000000
G1 X-25.950000 Y65.578964 Z0.600000 E0.002445357 F480.000000
G1 X-25.950000 Y66.068035 Z0.600000 E0.002445357 F480.000000
G1 X-25.950000 Y66.557107 Z0.600000 E0.002445357 F480.000000
G1 X-26.146447 Y66.753553 Z0.600000 E0.001389087 F480.000000
G1 X-26.342893 Y66.950000 Z0.600000 E0.001389087 F480.000000
G1 X-26.831965 Y66.950000 Z0.600000 E0.002445357 F480.000000
G1 X-27.321036 Y66.950000 Z0.600000 E0.002445357 F480.000000
G1 X-27.810107 Y66.950000 Z0.600000 E0.002445357 F480.000000
G1 X-28.299179 Y66.950000 Z0.600000 E0.002445357 F480.000000
G1 X-28.788250 Y66.950000 Z0.600000 E0.002445357 F480.000000
G1 X-29.277322 Y66.950000 Z0.600000 E0.002445357 F480.000000
G1 X-29.766393 Y66.950000 Z0.600000 E0.002445357 F480.000000
G1 X-30.255464 Y66.950000 Z0.600000 E0.002445357 F480.000000
G1 X-30.744536 Y66.950000 Z0.600000 E0.002445357 F480.000000
G1 X-31.233607 Y66.950000 Z0.600000 E0.002445357 F480.000000
G1 X-31.722678 Y66.950000 Z0.600000 E0.002445357 F480.000000
G1 X-32.211750 Y66.950000 Z0.600000 E0.002445357 F480.000000
G1 X-32.700821 Y66.950000 Z0.600000 E0.002445357 F480.000000
G1 X-33.189893 Y66.950000 Z0.600000 E0.002445357 F480.000000
G1 X-33.678964 Y66.950000 Z0.600000 E0.002445357 F480.000000
G1 X-34.168035 Y66.950000 Z0.600000 E0.002445357 F480.000000
G1 X-34.657107 Y66.950000 Z0.600000 E0.002445357 F480.000000
G1 X-34.853553 Y66.753553 Z0.600000 E0.001389087 F480.000000
G1 X-35.050000 Y66.557107 Z0.600000 E0.001389087 F480.000000
G1 X-35.050000 Y66.557107 Z2.600000 F480.000000
G1 X-37.550000 Y56.616667 Z2.600000 F1800.000000
G1 X-37.550000 Y56.616667 Z0.600000 F480.000000
G1 X-37.063793 Y56.616667 Z0.600000 E0.002431034 F480.000000
G1 X-36.577586 Y56.616667 Z0.600000 E0.002431034 F480.000000
G1 X-36.091379 Y56.616667 Z0.600000 E0.002431034 F480.000000
G1 X-35.605172 Y56.616667 Z0.600000 E0.002431034 F480.000000
G1 X-35.118966 Y56.616667 Z0.600000 E0.002431034 F480.000000
G1 X-34.632759 Y56.616667 Z0.600000 E0.002431034 F480.000000
G1 X-34.146552 Y56.616667 Z0.600000 E0.002431034 F480.000000
G1 X-33.660345 Y56.616667 Z0.600000 E0.002431034 F480.000000
G1 X-33.174138 Y56.616667 Z0.600000 E0.002431034 F480.000000
G1 X-32.687931 Y56.616667 Z0.600000 E0.002431034 F480.000000
G1 X-32.201724 Y56.616667 Z0.600000 E0.002431034 F480.000000
G1 X-31.715517 Y56.616667 Z0.600000 E0.002431034 F480.000000
G1 X-31.229310 Y56.616667 Z0.600000 E0.002431034 F480.000000
G1 X-30.743103 Y56.616667 Z0.600000 E0.002431034 F480.000000
G1 X-30.256897 Y56.616667 Z0.600000 E0.002431034 F480.000000
G1 X-29.770690 Y56.616667 Z0.600000 E0.002431034 F480.000000
G1 X-29.284483 Y56.616667 Z0.600000 E0.002431034 F480.000000
G1 X-28.798276 Y56.616667 Z0.600000 E0.002431034 F480.000000
G1 X-28.312069 Y56.616667 Z0.600000 E0.002431034 F480.000000
G1 X-27.825862 Y56.616667 Z0.600000 E0.002431034 F480.000000
G1 X-27.339655 Y56.616667 Z0.600000 E0.002431034 F480.000000
G1 X-26.853448 Y56.616667 Z0.600000 E0.002431034 F480.000000
G1 X-26.367241 Y56.616667 Z0.600000 E0.002431034 F480.000000
G1 X-25.881034 Y56.616667 Z0.600000 E0.002431034 F480.000000
G1 X-25.394828 Y56.616667 Z0.600000 E0.002431034 F480.000000
G1 X-24.908621 Y56.616667 Z0.600000 E0.002431034 F480.000000
G1 X-24.422414 Y56.616667 Z0.600000 E0.002431034 F480.000000
G1 X-23.936207 Y56.616667 Z0.600000 E0.002431034 F480.000000
G1 X-23.450000 Y56.616667 Z0.600000 E0.002431034 F480.000000
G1 X-23.450000 Y56.616667 Z2.600000 F480.000000
G1 X-36.050000 Y63.283333 Z2.600000 F1800.000000
G1 X-36.050000 Y63.283333 Z0.600000 F480.000000
G1 X-36.550000 Y63.283333 Z0.600000 E0.002500000 F480.000000
G1 X-37.050000 Y63.283333 Z0.600000 E0.002500000 F480.000000
G1 X-37.550000 Y63.283333 Z0.600000 E0.002500000 F480.000000
G1 X-37.550000 Y63.283333 Z2.600000 F480.000000
G1 X-24.950000 Y63.283333 Z2.600000 F1800.000000
G1 X-24.950000 Y63.283333 Z0.600000 F480.000000
G1 X-24.450000 Y63.283333 Z0.600000 E0.002500000 F480.000000
G1 X-23.950000 Y63.283333 Z0.600000 E0.002500000 F480.000000
G1 X-23.450000 Y63.283333 Z0.600000 E0.002500000 F480.000000
G1 X-23.450000 Y63.283333 Z2.500000 F480.000000
G1 X-23.450000 Y63.283333 Z3.100000 F480.000000
G1 X22.450000 Y68.450000 Z3.100000 F1800.000000
G1 X22.450000 Y68.450000 Z1.100000 F480.000000
G1 X22.892857 Y68.450000 Z1.100000 E0.002214286 F480.000000
G1 X23.335714 Y68.450000 Z1.100000 E0.002214286 F480.000000
G1 X23.335714 Y68.450000 Z3.000000 F480.000000
G1 X23.335714 Y68.450000 Z0.600000 F480.000000
G1 X23.778571 Y68.450000 Z0.600000 E0.002214286 F480.000000
G1 X24.221429 Y68.450000 Z0.600000 E0.002214286 F480.000000
G1 X24.664286 Y68.450000 Z0.600000 E0.002214286 F480.000000
G1 X24.664286 Y68.450000 Z3.100000 F480.000000
G1 X24.664286 Y68.450000 Z1.100000 F480.000000
G1 X25.107143 Y68.450000 Z1.100000 E0.002214286 F480.000000
G1 X25.550000 Y68.450000 Z1.100000 E0.002214286 F480.000000
G1 X25.550000 Y67.967859 Z1.100000 E0.002410706 F480.000000
G1 X25.550000 Y67.485718 Z1.100000 E0.002410706 F480.000000
G1 X25.550000 Y67.003576 Z1.100000 E0.002410706 F480.000000
G1 X25.550000 Y66.521435 Z1.100000 E0.002410706 F480.000000
G1 X25.550000 Y66.039294 Z1.100000 E0.002410706 F480.000000
G1 X25.550000 Y65.557153 Z1.100000 E0.002410706 F480.000000
G1 X25.550000 Y65.075011 Z1.100000 E0.002410706 F480.000000
G1 X25.550000 Y64.592870 Z1.100000 E0.002410706 F480.000000
G1 X25.550000 Y64.110729 Z1.100000 E0.002410706 F480.000000
G1 X25.550000 Y63.628588 Z1.100000 E0.002410706 F480.000000
G1 X25.550000 Y63.146447 Z1.100000 E0.002410706 F480.000000
G1 X25.550000 Y62.664305 Z1.100000 E0.002410706 F480.000000
G1 X25.550000 Y62.182164 Z1.100000 E0.002410706 F480.000000
G1 X25.550000 Y61.700023 Z1.100000 E0.002410706 F480.000000
G1 X25.550000 Y61.217882 Z1.100000 E0.002410706 F480.000000
G1 X25.550000 Y60.735741 Z1.100000 E0.002410706 F480.000000
G1 X25.550000 Y60.253599 Z1.100000 E0.002410706 F480.000000
G1 X25.550000 Y59.771458 Z1.100000 E0.002410706 F480.000000
G1 X25.550000 Y59.289317 Z1.100000 E0.002410706 F480.000000
G1 X25.550000 Y58.807176 Z1.100000 E0.002410706 F480.000000
G1 X25.550000 Y58.325034 Z1.100000 E0.002410706 F480.000000
G1 X25.550000 Y57.842893 Z1.100000 E0.002410706 F480.000000
G1 X25.746447 Y57.646447 Z1.100000 E0.001389087 F480.000000
G1 X25.942893 Y57.450000 Z1.100000 E0.001389087 F480.000000
G1 X26.427782 Y57.450000 Z1.100000 E0.002424444 F480.000000
G1 X26.912671 Y57.450000 Z1.100000 E0.002424444 F480.000000
G1 X27.397559 Y57.450000 Z1.100000 E0.002424444 F480.000000
G1 X27.882448 Y57.450000 Z1.100000 E0.002424444 F480.000000
G1 X28.367337 Y57.450000 Z1.100000 E0.002424444 F480.000000
G1 X28.852226 Y57.450000 Z1.100000 E0.002424444 F480.000000
G1 X29.337114 Y57.450000 Z1.100000 E0.002424444 F480.000000
G1 X29.822003 Y57.450000 Z1.100000 E0.002424444 F480.000000
G1 X30.306892 Y57.450000 Z1.100000 E0.002424444 F480.000000
G1 X30.791780 Y57.450000 Z1.100000 E0.002424444 F480.000000
G1 X31.276669 Y57.450000 Z1.100000 E0.002424444 F480.000000
G1 X31.761558 Y57.450000 Z1.100000 E0.002424444 F480.000000
G1 X32.246447 Y57.450000 Z1.100000 E0.002424444 F480.000000
G1 X32.731335 Y57.450000 Z1.100000 E0.002424444 F480.000000
G1 X33.216224 Y57.450000 Z1.100000 E0.002424444 F480.000000
G1 X33.701113 Y57.450000 Z1.100000 E0.002424444 F480.000000
G1 X34.186001 Y57.450000 Z1.100000 E0.002424444 F480.000000
G1 X34.670890 Y57.450000 Z1.100000 E0.002424444 F480.000000
G1 X35.155779 Y57.450000 Z1.100000 E0.002424444 F480.000000
G1 X35.640668 Y57.450000 Z1.100000 E0.002424444 F480.000000
G1 X36.125556 Y57.450000 Z1.100000 E0.002424444 F480.000000
G1 X36.610445 Y57.450000 Z1.100000 E0.002424444 F480.000000
G1 X37.095334 Y57.450000 Z1.100000 E0.002424444 F480.000000
G1 X37.580223 Y57.450000 Z1.100000 E0.002424444 F480.000000
G1 X38.065111 Y57.450000 Z1.100000 E0.002424444 F480.000000
G1 X38.550000 Y57.450000 Z1.100000 E0.002424444 F480.000000
G1 X38.550000 Y56.950000 Z1.100000 E0.002500000 F480.000000
G1 X38.550000 Y56.450000 Z1.100000 E0.002500000 F480.000000
G1 X38.550000 Y55.950000 Z1.100000 E0.002500000 F480.000000
G1 X38.550000 Y55.450000 Z1.100000 E0.002500000 F480.000000
G1 X38.550000 Y54.950000 Z1.100000 E0.002500000 F480.000000
G1 X38.550000 Y54.450000 Z1.100000 E0.002500000 F480.000000
G1 X38.550000 Y53.950000 Z1.100000 E0.002500000 F480.000000
G1 X38.062121 Y53.950000 Z1.100000 E0.002439394 F480.000000
G1 X37.574242 Y53.950000 Z1.100000 E0.002439394 F480.000000
G1 X37.086364 Y53.950000 Z1.100000 E0.002439394 F480.000000
G1 X36.598485 Y53.950000 Z1.100000 E0.002439394 F480.000000
G1 X36.110606 Y53.950000 Z1.100000 E0.002439394 F480.000000
G1 X35.622727 Y53.950000 Z1.100000 E0.002439394 F480.000000
G1 X35.134848 Y53.950000 Z1.100000 E0.002439394 F480.000000
G1 X34.646970 Y53.950000 Z1.100000 E0.002439394 F480.000000
G1 X34.159091 Y53.950000 Z1.100000 E0.002439394 F480.000000
G1 X33.671212 Y53.950000 Z1.100000 E0.002439394 F480.000000
G1 X33.183333 Y53.950000 Z1.100000 E0.002439394 F480.000000
G1 X32.695455 Y53.950000 Z1.100000 E0.002439394 F480.000000
G1 X32.207576 Y53.950000 Z1.100000 E0.002439394 F480.000000
G1 X31.719697 Y53.950000 Z1.100000 E0.002439394 F480.000000
G1 X31.231818 Y53.950000 Z1.100000 E0.002439394 F480.000000
G1 X30.743939 Y53.950000 Z1.100000 E0.002439394 F480.000000
G1 X30.256061 Y53.950000 Z1.100000 E0.002439394 F480.000000
G1 X29.768182 Y53.950000 Z1.100000 E0.002439394 F480.000000
G1 X29.280303 Y53.950000 Z1.100000 E0.002439394 F480.000000
G1 X28.792424 Y53.950000 Z1.100000 E0.002439394 F480.000000
G1 X28.304545 Y53.950000 Z1.100000 E0.002439394 F480.000000
G1 X27.816667 Y53.950000 Z1.100000 E0.002439394 F480.000000
G1 X27.328788 Y53.950000 Z1.100000 E0.002439394 F480.000000
G1 X26.840909 Y53.950000 Z1.100000 E0.002439394 F480.000000
G1 X26.353030 Y53.950000 Z1.100000 E0.002439394 F480.000000
G1 X25.865152 Y53.950000 Z1.100000 E0.002439394 F480.000000
G1 X25.377273 Y53.950000 Z1.100000 E0.002439394 F480.000000
G1 X24.889394 Y53.950000 Z1.100000 E0.002439394 F480.000000
G1 X24.401515 Y53.950000 Z1.100000 E0.002439394 F480.000000
G1 X23.913636 Y53.950000 Z1.100000 E0.002439394 F480.000000
G1 X23.425758 Y53.950000 Z1.100000 E0.002439394 F480.000000
G1 X22.937879 Y53.950000 Z1.100000 E0.002439394 F480.000000
G1 X22.450000 Y53.950000 Z1.100000 E0.002439394 F480.000000
G1 X22.450000 Y54.450000 Z1.100000 E0.002500000 F480.000000
G1 X22.450000 Y54.950000 Z1.100000 E0.002500000 F480.000000
G1 X22.450000 Y55.450000 Z1.100000 E0.002500000 F480.000000
G1 X22.450000 Y55.950000 Z1.100000 E0.002500000 F480.000000
G1 X22.450000 Y56.450000 Z1.100000 E0.002500000 F480.000000
G1 X22.450000 Y56.950000 Z1.100000 E0.002500000 F480.000000
G1 X22.450000 Y57.450000 Z1.100000 E0.002500000 F480.000000
G1 X22.450000 Y57.950000 Z1.100000 E0.002500000 F480.000000
G1 X22.450000 Y58.450000 Z1.100000 E0.002500000 F480.000000
G1 X22.450000 Y58.950000 Z1.100000 E0.002500000 F480.000000
G1 X22.450000 Y59.450000 Z1.100000 E0.002500000 F480.000000
G1 X22.450000 Y59.950000 Z1.100000 E0.002500000 F480.000000
G1 X22.450000 Y60.450000 Z1.100000 E0.002500000 F480.000000
G1 X22.450000 Y60.950000 Z1.100000 E0.002500000 F480.000000
G1 X22.450000 Y61.450000 Z1.100000 E0.002500000 F480.000000
G1 X22.450000 Y61.950000 Z1.100000 E0.002500000 F480.000000
G1 X22.450000 Y62.450000 Z1.100000 E0.002500000 F480.000000
G1 X22.450000 Y62.950000 Z1.100000 E0.002500000 F480.000000
G1 X22.450000 Y63.450000 Z1.100000 E0.002500000 F480.000000
G1 X22.450000 Y63.950000 Z1.100000 E0.002500000 F480.000000
G1 X22.450000 Y64.450000 Z1.100000 E0.002500000 F480.000000
G1 X22.450000 Y64.950000 Z1.100000 E0.002500000 F480.000000
G1 X22.450000 Y65.450000 Z1.100000 E0.002500000 F480.000000
G1 X22.450000 Y65.950000 Z1.100000 E0.002500000 F480.000000
G1 X22.450000 Y66.450000 Z1.100000 E0.002500000 F480.000000
G1 X22.450000 Y66.950000 Z1.100000 E0.002500000 F480.000000
G1 X22.450000 Y67.450000 Z1.100000 E0.002500000 F480.000000
G1 X22.450000 Y67.950000 Z1.100000 E0.002500000 F480.000000
G1 X22.450000 Y68.450000 Z1.100000 E0.002500000 F480.000000
G1 X22.450000 Y68.450000 Z3.100000 F480.000000
G1 X23.450000 Y56.616667 Z3.100000 F1800.000000
G1 X23.450000 Y56.616667 Z1.100000 F480.000000
G1 X23.928003 Y56.616667 Z1.100000 E0.002390016 F480.000000
G1 X24.406006 Y56.616667 Z1.100000 E0.002390016 F480.000000
G1 X24.884010 Y56.616667 Z1.100000 E0.002390016 F480.000000
G1 X25.362013 Y56.616667 Z1.100000 E0.002390016 F480.000000
G1 X25.362013 Y56.616667 Z3.100000 F480.000000
G1 X24.550000 Y63.283333 Z3.100000 F1800.000000
G1 X24.550000 Y63.283333 Z1.100000 F480.000000
G1 X24.183333 Y63.283333 Z1.100000 E0.001833333 F480.000000
G1 X23.816667 Y63.283333 Z1.100000 E0.001833333 F480.000000
G1 X23.450000 Y63.283333 Z1.100000 E0.001833333 F480.000000
G1 X23.450000 Y63.283333 Z3.000000 F480.000000
G1 X23.450000 Y63.283333 Z3.100000 F480.000000
G1 X22.450000 Y-56.550000 Z3.100000 F1800.000000
G1 X22.450000 Y-56.550000 Z1.100000 F480.000000
G1 X22.892857 Y-56.550000 Z1.100000 E0.002214286 F480.000000
G1 X23.335714 Y-56.550000 Z1.100000 E0.002214286 F480.000000
G1 X23.335714 Y-56.550000 Z3.000000 F480.000000
G1 X23.335714 Y-56.550000 Z0.600000 F480.000000
G1 X23.778571 Y-56.550000 Z0.600000 E0.002214286 F480.000000
G1 X24.221429 Y-56.550000 Z0.600000 E0.002214286 F480.000000
G1 X24.664286 Y-56.550000 Z0.600000 E0.002214286 F480.000000
G1 X24.664286 Y-56.550000 Z3.100000 F480.000000
G1 X24.664286 Y-56.550000 Z1.100000 F480.000000
G1 X25.107143 Y-56.550000 Z1.100000 E0.002214286 F480.000000
G1 X25.550000 Y-56.550000 Z1.100000 E0.002214286 F480.000000
G1 X25.550000 Y-57.032141 Z1.100000 E0.002410706 F480.000000
G1 X25.550000 Y-57.514282 Z1.100000 E0.002410706 F480.000000
G1 X25.550000 Y-57.996424 Z1.100000 E0.002410706 F480.000000
G1 X25.550000 Y-58.478565 Z1.100000 E0.002410706 F480.000000
G1 X25.550000 Y-58.960706 Z1.100000 E0.002410706 F480.000000
G1 X25.550000 Y-59.442847 Z1.100000 E0.002410706 F480.000000
G1 X25.550000 Y-59.924989 Z1.100000 E0.002410706 F480.000000
G1 X25.550000 Y-60.407130 Z1.100000 E0.002410706 F480.000000
G1 X25.550000 Y-60.889271 Z1.100000 E0.002410706 F480.000000
G1 X25.550000 Y-61.371412 Z1.100000 E0.002410706 F480.000000
G1 X25.550000 Y-61.853553 Z1.100000 E0.002410706 F480.000000
G1 X25.550000 Y-62.335695 Z1.100000 E0.002410706 F480.000000
G1 X25.550000 Y-62.817836 Z1.100000 E0.002410706 F480.000000
G1 X25.550000 Y-63.299977 Z1.100000 E0.002410706 F480.000000
G1 X25.550000 Y-63.782118 Z1.100000 E0.002410706 F480.000000
G1 X25.550000 Y-64.264259 Z1.100000 E0.002410706 F480.000000
G1 X25.550000 Y-64.746401 Z1.100000 E0.002410706 F480.000000
G1 X25.550000 Y-65.228542 Z1.100000 E0.002410706 F480.000000
G1 X25.550000 Y-65.710683 Z1.100000 E0.002410706 F480.000000
G1 X25.550000 Y-66.192824 Z1.100000 E0.002410706 F480.000000
G1 X25.550000 Y-66.674966 Z1.100000 E0.002410706 F480.000000
G1 X25.550000 Y-67.157107 Z1.100000 E0.002410706 F480.000000
G1 X25.746447 Y-67.353553 Z1.100000 E0.001389087 F480.000000
G1 X25.942893 Y-67.550000 Z1.100000 E0.001389087 F480.000000
G1 X26.427782 Y-67.550000 Z1.100000 E0.002424444 F480.000000
G1 X26.912671 Y-67.550000 Z1.100000 E0.002424444 F480.000000
G1 X27.397559 Y-67.550000 Z1.100000 E0.002424444 F480.000000
G1 X27.882448 Y-67.550000 Z1.100000 E0.002424444 F480.000000
G1 X28.367337 Y-67.550000 Z1.100000 E0.002424444 F480.000000
G1 X28.852226 Y-67.550000 Z1.100000 E0.002424444 F480.000000
G1 X29.337114 Y-67.550000 Z1.100000 E0.002424444 F480.000000
G1 X29.822003 Y-67.550000 Z1.100000 E0.002424444 F480.000000
G1 X30.306892 Y-67.550000 Z1.100000 E0.002424444 F480.000000
G1 X30.791780 Y-67.550000 Z1.100000 E0.002424444 F480.000000
G1 X31.276669 Y-67.550000 Z1.100000 E0.002424444 F480.000000
G1 X31.761558 Y-67.550000 Z1.100000 E0.002424444 F480.000000
G1 X32.246447 Y-67.550000 Z1.100000 E0.002424444 F480.000000
G1 X32.731335 Y-67.550000 Z1.100000 E0.002424444 F480.000000
G1 X33.216224 Y-67.550000 Z1.100000 E0.002424444 F480.000000
G1 X33.701113 Y-67.550000 Z1.100000 E0.002424444 F480.000000
G1 X34.186001 Y-67.550000 Z1.100000 E0.002424444 F480.000000
G1 X34.670890 Y-67.550000 Z1.100000 E0.002424444 F480.000000
G1 X35.155779 Y-67.550000 Z1.100000 E0.002424444 F480.000000
G1 X35.640668 Y-67.550000 Z1.100000 E0.002424444 F480.000000
G1 X36.125556 Y-67.550000 Z1.100000 E0.002424444 F480.000000
G1 X36.610445 Y-67.550000 Z1.100000 E0.002424444 F480.000000
G1 X37.095334 Y-67.550000 Z1.100000 E0.002424444 F480.000000
G1 X37.580223 Y-67.550000 Z1.100000 E0.002424444 F480.000000
G1 X38.065111 Y-67.550000 Z1.100000 E0.002424444 F480.000000
G1 X38.550000 Y-67.550000 Z1.100000 E0.002424444 F480.000000
G1 X38.550000 Y-68.050000 Z1.100000 E0.002500000 F480.000000
G1 X38.550000 Y-68.550000 Z1.100000 E0.002500000 F480.000000
G1 X38.550000 Y-69.050000 Z1.100000 E0.002500000 F480.000000
G1 X38.550000 Y-69.550000 Z1.100000 E0.002500000 F480.000000
G1 X38.550000 Y-70.050000 Z1.100000 E0.002500000 F480.000000
G1 X38.550000 Y-70.550000 Z1.100000 E0.002500000 F480.000000
G1 X38.550000 Y-71.050000 Z1.100000 E0.002500000 F480.000000
G1 X38.062121 Y-71.050000 Z1.100000 E0.002439394 F480.000000
G1 X37.574242 Y-71.050000 Z1.100000 E0.002439394 F480.000000
G1 X37.086364 Y-71.050000 Z1.100000 E0.002439394 F480.000000
G1 X36.598485 Y-71.050000 Z1.100000 E0.002439394 F480.000000
G1 X36.110606 Y-71.050000 Z1.100000 E0.002439394 F480.000000
G1 X35.622727 Y-71.050000 Z1.100000 E0.002439394 F480.000000
G1 X35.134848 Y-71.050000 Z1.100000 E0.002439394 F480.000000
G1 X34.646970 Y-71.050000 Z1.100000 E0.002439394 F480.000000
G1 X34.159091 Y-71.050000 Z1.100000 E0.002439394 F480.000000
G1 X33.671212 Y-71.050000 Z1.100000 E0.002439394 F480.000000
G1 X33.183333 Y-71.050000 Z1.100000 E0.002439394 F480.000000
G1 X32.695455 Y-71.050000 Z1.100000 E0.002439394 F480.000000
G1 X32.207576 Y-71.050000 Z1.100000 E0.002439394 F480.000000
G1 X31.719697 Y-71.050000 Z1.100000 E0.002439394 F480.000000
G1 X31.231818 Y-71.050000 Z1.100000 E0.002439394 F480.000000
G1 X30.743939 Y-71.050000 Z1.100000 E0.002439394 F480.000000
G1 X30.256061 Y-71.050000 Z1.100000 E0.002439394 F480.000000
G1 X29.768182 Y-71.050000 Z1.100000 E0.002439394 F480.000000
G1 X29.280303 Y-71.050000 Z1.100000 E0.002439394 F480.000000
G1 X28.792424 Y-71.050000 Z1.100000 E0.002439394 F480.000000
G1 X28.304545 Y-71.050000 Z1.100000 E0.002439394 F480.000000
G1 X27.816667 Y-71.050000 Z1.100000 E0.002439394 F480.000000
G1 X27.328788 Y-71.050000 Z1.100000 E0.002439394 F480.000000
G1 X26.840909 Y-71.050000 Z1.100000 E0.002439394 F480.000000
G1 X26.353030 Y-71.050000 Z1.100000 E0.002439394 F480.000000
G1 X25.865152 Y-71.050000 Z1.100000 E0.002439394 F480.000000
G1 X25.377273 Y-71.050000 Z1.100000 E0.002439394 F480.000000
G1 X24.889394 Y-71.050000 Z1.100000 E0.002439394 F480.000000
G1 X24.401515 Y-71.050000 Z1.100000 E0.002439394 F480.000000
G1 X23.913636 Y-71.050000 Z1.100000 E0.002439394 F480.000000
G1 X23.425758 Y-71.050000 Z1.100000 E0.002439394 F480.000000
G1 X22.937879 Y-71.050000 Z1.100000 E0.002439394 F480.000000
G1 X22.450000 Y-71.050000 Z1.100000 E0.002439394 F480.000000
G1 X22.450000 Y-70.550000 Z1.100000 E0.002500000 F480.000000
G1 X22.450000 Y-70.050000 Z1.100000 E0.002500000 F480.000000
G1 X22.450000 Y-69.550000 Z1.100000 E0.002500000 F480.000000
G1 X22.450000 Y-69.050000 Z1.100000 E0.002500000 F480.000000
G1 X22.450000 Y-68.550000 Z1.100000 E0.002500000 F480.000000
G1 X22.450000 Y-68.050000 Z1.100000 E0.002500000 F480.000000
G1 X22.450000 Y-67.550000 Z1.100000 E0.002500000 F480.000000
G1 X22.450000 Y-67.050000 Z1.100000 E0.002500000 F480.000000
G1 X22.450000 Y-66.550000 Z1.100000 E0.002500000 F480.000000
G1 X22.450000 Y-66.050000 Z1.100000 E0.002500000 F480.000000
G1 X22.450000 Y-65.550000 Z1.100000 E0.002500000 F480.000000
G1 X22.450000 Y-65.050000 Z1.100000 E0.002500000 F480.000000
G1 X22.450000 Y-64.550000 Z1.100000 E0.002500000 F480.000000
G1 X22.450000 Y-64.050000 Z1.100000 E0.002500000 F480.000000
G1 X22.450000 Y-63.550000 Z1.100000 E0.002500000 F480.000000
G1 X22.450000 Y-63.050000 Z1.100000 E0.002500000 F480.000000
G1 X22.450000 Y-62.550000 Z1.100000 E0.002500000 F480.000000
G1 X22.450000 Y-62.050000 Z1.100000 E0.002500000 F480.000000
G1 X22.450000 Y-61.550000 Z1.100000 E0.002500000 F480.000000
G1 X22.450000 Y-61.050000 Z1.100000 E0.002500000 F480.000000
G1 X22.450000 Y-60.550000 Z1.100000 E0.002500000 F480.000000
G1 X22.450000 Y-60.050000 Z1.100000 E0.002500000 F480.000000
G1 X22.450000 Y-59.550000 Z1.100000 E0.002500000 F480.000000
G1 X22.450000 Y-59.050000 Z1.100000 E0.002500000 F480.000000
G1 X22.450000 Y-58.550000 Z1.100000 E0.002500000 F480.000000
G1 X22.450000 Y-58.050000 Z1.100000 E0.002500000 F480.000000
G1 X22.450000 Y-57.550000 Z1.100000 E0.002500000 F480.000000
G1 X22.450000 Y-57.050000 Z1.100000 E0.002500000 F480.000000
G1 X22.450000 Y-56.550000 Z1.100000 E0.002500000 F480.000000
G1 X22.450000 Y-56.550000 Z3.100000 F480.000000
G1 X23.450000 Y-68.383333 Z3.100000 F1800.000000
G1 X23.450000 Y-68.383333 Z1.100000 F480.000000
G1 X23.928003 Y-68.383333 Z1.100000 E0.002390016 F480.000000
G1 X24.406006 Y-68.383333 Z1.100000 E0.002390016 F480.000000
G1 X24.884010 Y-68.383333 Z1.100000 E0.002390016 F480.000000
G1 X25.362013 Y-68.383333 Z1.100000 E0.002390016 F480.000000
G1 X25.362013 Y-68.383333 Z3.100000 F480.000000
G1 X24.550000 Y-61.716667 Z3.100000 F1800.000000
G1 X24.550000 Y-61.716667 Z1.100000 F480.000000
G1 X24.183333 Y-61.716667 Z1.100000 E0.001833333 F480.000000
G1 X23.816667 Y-61.716667 Z1.100000 E0.001833333 F480.000000
G1 X23.450000 Y-61.716667 Z1.100000 E0.001833333 F480.000000
G1 X23.450000 Y-61.716667 Z3.000000 F480.000000
G1 X23.450000 Y-61.716667 Z3.100000 F480.000000
G1 X-37.550000 Y-56.550000 Z3.100000 F1800.000000
G1 X-37.550000 Y-56.550000 Z1.100000 F480.000000
G1 X-37.107143 Y-56.550000 Z1.100000 E0.002214286 F480.000000
G1 X-36.664286 Y-56.550000 Z1.100000 E0.002214286 F480.000000
G1 X-36.664286 Y-56.550000 Z3.000000 F480.000000
G1 X-36.664286 Y-56.550000 Z0.600000 F480.000000
G1 X-36.221429 Y-56.550000 Z0.600000 E0.002214286 F480.000000
G1 X-35.778571 Y-56.550000 Z0.600000 E0.002214286 F480.000000
G1 X-35.335714 Y-56.550000 Z0.600000 E0.002214286 F480.000000
G1 X-35.335714 Y-56.550000 Z3.100000 F480.000000
G1 X-35.335714 Y-56.550000 Z1.100000 F480.000000
G1 X-34.892857 Y-56.550000 Z1.100000 E0.002214286 F480.000000
G1 X-34.450000 Y-56.550000 Z1.100000 E0.002214286 F480.000000
G1 X-34.450000 Y-57.032141 Z1.100000 E0.002410706 F480.000000
G1 X-34.450000 Y-57.514282 Z1.100000 E0.002410706 F480.000000
G1 X-34.450000 Y-57.996424 Z1.100000 E0.002410706 F480.000000
G1 X-34.450000 Y-58.478565 Z1.100000 E0.002410706 F480.000000
G1 X-34.450000 Y-58.960706 Z1.100000 E0.002410706 F480.000000
G1 X-34.450000 Y-59.442847 Z1.100000 E0.002410706 F480.000000
G1 X-34.450000 Y-59.924989 Z1.100000 E0.002410706 F480.000000
G1 X-34.450000 Y-60.407130 Z1.100000 E0.002410706 F480.000000
G1 X-34.450000 Y-60.889271 Z1.100000 E0.002410706 F480.000000
G1 X-34.450000 Y-61.371412 Z1.100000 E0.002410706 F480.000000
G1 X-34.450000 Y-61.853553 Z1.100000 E0.002410706 F480.000000
G1 X-34.450000 Y-62.335695 Z1.100000 E0.002410706 F480.000000
G1 X-34.450000 Y-62.817836 Z1.100000 E0.002410706 F480.000000
G1 X-34.450000 Y-63.299977 Z1.100000 E0.002410706 F480.000000
G1 X-34.450000 Y-63.782118 Z1.100000 E0.002410706 F480.000000
G1 X-34.450000 Y-64.264259 Z1.100000 E0.002410706 F480.000000
G1 X-34.450000 Y-64.746401 Z1.100000 E0.002410706 F480.000000
G1 X-34.450000 Y-65.228542 Z1.100000 E0.002410706 F480.000000
G1 X-34.450000 Y-65.710683 Z1.100000 E0.002410706 F480.000000
G1 X-34.450000 Y-66.192824 Z1.100000 E0.002410706 F480.000000
G1 X-34.450000 Y-66.674966 Z1.100000 E0.002410706 F480.000000
G1 X-34.450000 Y-67.157107 Z1.100000 E0.002410706 F480.000000
G1 X-34.253553 Y-67.353553 Z1.100000 E0.001389087 F480.000000
G1 X-34.057107 Y-67.550000 Z1.100000 E0.001389087 F480.000000
G1 X-33.572218 Y-67.550000 Z1.100000 E0.002424444 F480.000000
G1 X-33.087329 Y-67.550000 Z1.100000 E0.002424444 F480.000000
G1 X-32.602441 Y-67.550000 Z1.100000 E0.002424444 F480.000000
G1 X-32.117552 Y-67.550000 Z1.100000 E0.002424444 F480.000000
G1 X-31.632663 Y-67.550000 Z1.100000 E0.002424444 F480.000000
G1 X-31.147774 Y-67.550000 Z1.100000 E0.002424444 F480.000000
G1 X-30.662886 Y-67.550000 Z1.100000 E0.002424444 F480.000000
G1 X-30.177997 Y-67.550000 Z1.100000 E0.002424444 F480.000000
G1 X-29.693108 Y-67.550000 Z1.100000 E0.002424444 F480.000000
G1 X-29.208220 Y-67.550000 Z1.100000 E0.002424444 F480.000000
G1 X-28.723331 Y-67.550000 Z1.100000 E0.002424444 F480.000000
G1 X-28.238442 Y-67.550000 Z1.100000 E0.002424444 F480.000000
G1 X-27.753553 Y-67.550000 Z1.100000 E0.002424444 F480.000000
G1 X-27.268665 Y-67.550000 Z1.100000 E0.002424444 F480.000000
G1 X-26.783776 Y-67.550000 Z1.100000 E0.002424444 F480.000000
G1 X-26.298887 Y-67.550000 Z1.100000 E0.002424444 F480.000000
G1 X-25.813999 Y-67.550000 Z1.100000 E0.002424444 F480.000000
G1 X-25.329110 Y-67.550000 Z1.100000 E0.002424444 F480.000000
G1 X-24.844221 Y-67.550000 Z1.100000 E0.002424444 F480.000000
G1 X-24.359332 Y-67.550000 Z1.100000 E0.002424444 F480.000000
G1 X-23.874444 Y-67.550000 Z1.100000 E0.002424444 F480.000000
G1 X-23.389555 Y-67.550000 Z1.100000 E0.002424444 F480.000000
G1 X-22.904666 Y-67.550000 Z1.100000 E0.002424444 F480.000000
G1 X-22.419777 Y-67.550000 Z1.100000 E0.002424444 F480.000000
G1 X-21.934889 Y-67.550000 Z1.100000 E0.002424444 F480.000000
G1 X-21.450000 Y-67.550000 Z1.100000 E0.002424444 F480.000000
G1 X-21.450000 Y-68.050000 Z1.100000 E0.002500000 F480.000000
G1 X-21.450000 Y-68.550000 Z1.100000 E0.002500000 F480.000000
G1 X-21.450000 Y-69.050000 Z1.100000 E0.002500000 F480.000000
G1 X-21.450000 Y-69.550000 Z1.100000 E0.002500000 F480.000000
G1 X-21.450000 Y-70.050000 Z1.100000 E0.002500000 F480.000000
G1 X-21.450000 Y-70.550000 Z1.100000 E0.002500000 F480.000000
G1 X-21.450000 Y-71.050000 Z1.100000 E0.002500000 F480.000000
G1 X-21.937879 Y-71.050000 Z1.100000 E0.002439394 F480.000000
G1 X-22.425758 Y-71.050000 Z1.100000 E0.002439394 F480.000000
G1 X-22.913636 Y-71.050000 Z1.100000 E0.002439394 F480.000000
G1 X-23.401515 Y-71.050000 Z1.100000 E0.002439394 F480.000000
G1 X-23.889394 Y-71.050000 Z1.100000 E0.002439394 F480.000000
G1 X-24.377273 Y-71.050000 Z1.100000 E0.002439394 F480.000000
G1 X-24.865152 Y-71.050000 Z1.100000 E0.002439394 F480.000000
G1 X-25.353030 Y-71.050000 Z1.100000 E0.002439394 F480.000000
G1 X-25.840909 Y-71.050000 Z1.100000 E0.002439394 F480.000000
G1 X-26.328788 Y-71.050000 Z1.100000 E0.002439394 F480.000000
G1 X-26.816667 Y-71.050000 Z1.100000 E0.002439394 F480.000000
G1 X-27.304545 Y-71.050000 Z1.100000 E0.002439394 F480.000000
G1 X-27.792424 Y-71.050000 Z1.100000 E0.002439394 F480.000000
G1 X-28.280303 Y-71.050000 Z1.100000 E0.002439394 F480.000000
G1 X-28.768182 Y-71.050000 Z1.100000 E0.002439394 F480.000000
G1 X-29.256061 Y-71.050000 Z1.100000 E0.002439394 F480.000000
G1 X-29.743939 Y-71.050000 Z1.100000 E0.002439394 F480.000000
G1 X-30.231818 Y-71.050000 Z1.100000 E0.002439394 F480.000000
G1 X-30.719697 Y-71.050000 Z1.100000 E0.002439394 F480.000000
G1 X-31.207576 Y-71.050000 Z1.100000 E0.002439394 F480.000000
G1 X-31.695455 Y-71.050000 Z1.100000 E0.002439394 F480.000000
G1 X-32.183333 Y-71.050000 Z1.100000 E0.002439394 F480.000000
G1 X-32.671212 Y-71.050000 Z1.100000 E0.002439394 F480.000000
G1 X-33.159091 Y-71.050000 Z1.100000 E0.002439394 F480.000000
G1 X-33.646970 Y-71.050000 Z1.100000 E0.002439394 F480.000000
G1 X-34.134848 Y-71.050000 Z1.100000 E0.002439394 F480.000000
G1 X-34.622727 Y-71.050000 Z1.100000 E0.002439394 F480.000000
G1 X-35.110606 Y-71.050000 Z1.100000 E0.002439394 F480.000000
G1 X-35.598485 Y-71.050000 Z1.100000 E0.002439394 F480.000000
G1 X-36.086364 Y-71.050000 Z1.100000 E0.002439394 F480.000000
G1 X-36.574242 Y-71.050000 Z1.100000 E0.002439394 F480.000000
G1 X-37.062121 Y-71.050000 Z1.100000 E0.002439394 F480.000000
G1 X-37.550000 Y-71.050000 Z1.100000 E0.002439394 F480.000000
G1 X-37.550000 Y-70.550000 Z1.100000 E0.002500000 F480.000000
G1 X-37.550000 Y-70.050000 Z1.100000 E0.002500000 F480.000000
G1 X-37.550000 Y-69.550000 Z1.100000 E0.002500000 F480.000000
G1 X-37.550000 Y-69.050000 Z1.100000 E0.002500000 F480.000000
G1 X-37.550000 Y-68.550000 Z1.100000 E0.002500000 F480.000000
G1 X-37.550000 Y-68.050000 Z1.100000 E0.002500000 F480.000000
G1 X-37.550000 Y-67.550000 Z1.100000 E0.002500000 F480.000000
G1 X-37.550000 Y-67.050000 Z1.100000 E0.002500000 F480.000000
G1 X-37.550000 Y-66.550000 Z1.100000 E0.002500000 F480.000000
G1 X-37.550000 Y-66.050000 Z1.100000 E0.002500000 F480.000000
G1 X-37.550000 Y-65.550000 Z1.100000 E0.002500000 F480.000000
G1 X-37.550000 Y-65.050000 Z1.100000 E0.002500000 F480.000000
G1 X-37.550000 Y-64.550000 Z1.100000 E0.002500000 F480.000000
G1 X-37.550000 Y-64.050000 Z1.100000 E0.002500000 F480.000000
G1 X-37.550000 Y-63.550000 Z1.100000 E0.002500000 F480.000000
G1 X-37.550000 Y-63.050000 Z1.100000 E0.002500000 F480.000000
G1 X-37.550000 Y-62.550000 Z1.100000 E0.002500000 F480.000000
G1 X-37.550000 Y-62.050000 Z1.100000 E0.002500000 F480.000000
G1 X-37.550000 Y-61.550000 Z1.100000 E0.002500000 F480.000000
G1 X-37.550000 Y-61.050000 Z1.100000 E0.002500000 F480.000000
G1 X-37.550000 Y-60.550000 Z1.100000 E0.002500000 F480.000000
G1 X-37.550000 Y-60.050000 Z1.100000 E0.002500000 F480.000000
G1 X-37.550000 Y-59.550000 Z1.100000 E0.002500000 F480.000000
G1 X-37.550000 Y-59.050000 Z1.100000 E0.002500000 F480.000000
G1 X-37.550000 Y-58.550000 Z1.100000 E0.002500000 F480.000000
G1 X-37.550000 Y-58.050000 Z1.100000 E0.002500000 F480.000000
G1 X-37.550000 Y-57.550000 Z1.100000 E0.002500000 F480.000000
G1 X-37.550000 Y-57.050000 Z1.100000 E0.002500000 F480.000000
G1 X-37.550000 Y-56.550000 Z1.100000 E0.002500000 F480.000000
G1 X-37.550000 Y-56.550000 Z3.100000 F480.000000
G1 X-36.550000 Y-68.383333 Z3.100000 F1800.000000
G1 X-36.550000 Y-68.383333 Z1.100000 F480.000000
G1 X-36.071997 Y-68.383333 Z1.100000 E0.002390016 F480.000000
G1 X-35.593994 Y-68.383333 Z1.100000 E0.002390016 F480.000000
G1 X-35.115990 Y-68.383333 Z1.100000 E0.002390016 F480.000000
G1 X-34.637987 Y-68.383333 Z1.100000 E0.002390016 F480.000000
G1 X-34.637987 Y-68.383333 Z3.100000 F480.000000
G1 X-35.450000 Y-61.716667 Z3.100000 F1800.000000
G1 X-35.450000 Y-61.716667 Z1.100000 F480.000000
G1 X-35.816667 Y-61.716667 Z1.100000 E0.001833333 F480.000000
G1 X-36.183333 Y-61.716667 Z1.100000 E0.001833333 F480.000000
G1 X-36.550000 Y-61.716667 Z1.100000 E0.001833333 F480.000000
G1 X-36.550000 Y-61.716667 Z3.000000 F480.000000
G1 X-36.550000 Y-61.716667 Z3.100000 F480.000000
G1 X-37.550000 Y68.450000 Z3.100000 F1800.000000
G1 X-37.550000 Y68.450000 Z1.100000 F480.000000
G1 X-37.107143 Y68.450000 Z1.100000 E0.002214286 F480.000000
G1 X-36.664286 Y68.450000 Z1.100000 E0.002214286 F480.000000
G1 X-36.664286 Y68.450000 Z3.000000 F480.000000
G1 X-36.664286 Y68.450000 Z0.600000 F480.000000
G1 X-36.221429 Y68.450000 Z0.600000 E0.002214286 F480.000000
G1 X-35.778571 Y68.450000 Z0.600000 E0.002214286 F480.000000
G1 X-35.335714 Y68.450000 Z0.600000 E0.002214286 F480.000000
G1 X-35.335714 Y68.450000 Z3.100000 F480.000000
G1 X-35.335714 Y68.450000 Z1.100000 F480.000000
G1 X-34.892857 Y68.450000 Z1.100000 E0.002214286 F480.000000
G1 X-34.450000 Y68.450000 Z1.100000 E0.002214286 F480.000000
G1 X-34.450000 Y67.967859 Z1.100000 E0.002410706 F480.000000
G1 X-34.450000 Y67.485718 Z1.100000 E0.002410706 F480.000000
G1 X-34.450000 Y67.003576 Z1.100000 E0.002410706 F480.000000
G1 X-34.450000 Y66.521435 Z1.100000 E0.002410706 F480.000000
G1 X-34.450000 Y66.039294 Z1.100000 E0.002410706 F480.000000
G1 X-34.450000 Y65.557153 Z1.100000 E0.002410706 F480.000000
G1 X-34.450000 Y65.075011 Z1.100000 E0.002410706 F480.000000
G1 X-34.450000 Y64.592870 Z1.100000 E0.002410706 F480.000000
G1 X-34.450000 Y64.110729 Z1.100000 E0.002410706 F480.000000
G1 X-34.450000 Y63.628588 Z1.100000 E0.002410706 F480.000000
G1 X-34.450000 Y63.146447 Z1.100000 E0.002410706 F480.000000
G1 X-34.450000 Y62.664305 Z1.100000 E0.002410706 F480.000000
G1 X-34.450000 Y62.182164 Z1.100000 E0.002410706 F480.000000
G1 X-34.450000 Y61.700023 Z1.100000 E0.002410706 F480.000000
G1 X-34.450000 Y61.217882 Z1.100000 E0.002410706 F480.000000
G1 X-34.450000 Y60.735741 Z1.100000 E0.002410706 F480.000000
G1 X-34.450000 Y60.253599 Z1.100000 E0.002410706 F480.000000
G1 X-34.450000 Y59.771458 Z1.100000 E0.002410706 F480.000000
G1 X-34.450000 Y59.289317 Z1.100000 E0.002410706 F480.000000
G1 X-34.450000 Y58.807176 Z1.100000 E0.002410706 F480.000000
G1 X-34.450000 Y58.325034 Z1.100000 E0.002410706 F480.000000
G1 X-34.450000 Y57.842893 Z1.100000 E0.002410706 F480.000000
G1 X-34.253553 Y57.646447 Z1.100000 E0.001389087 F480.000000
G1 X-34.057107 Y57.450000 Z1.100000 E0.001389087 F480.000000
G1 X-33.572218 Y57.450000 Z1.100000 E0.002424444 F480.000000
G1 X-33.087329 Y57.450000 Z1.100000 E0.002424444 F480.000000
G1 X-32.602441 Y57.450000 Z1.100000 E0.002424444 F480.000000
G1 X-32.117552 Y57.450000 Z1.100000 E0.002424444 F480.000000
G1 X-31.632663 Y57.450000 Z1.100000 E0.002424444 F480.000000
G1 X-31.147774 Y57.450000 Z1.100000 E0.002424444 F480.000000
G1 X-30.662886 Y57.450000 Z1.100000 E0.002424444 F480.000000
G1 X-30.177997 Y57.450000 Z1.100000 E0.002424444 F480.000000
G1 X-29.693108 Y57.450000 Z1.100000 E0.002424444 F480.000000
G1 X-29.208220 Y57.450000 Z1.100000 E0.002424444 F480.000000
G1 X-28.723331 Y57.450000 Z1.100000 E0.002424444 F480.000000
G1 X-28.238442 Y57.450000 Z1.100000 E0.002424444 F480.000000
G1 X-27.753553 Y57.450000 Z1.100000 E0.002424444 F480.000000
G1 X-27.268665 Y57.450000 Z1.100000 E0.002424444 F480.000000
G1 X-26.783776 Y57.450000 Z1.100000 E0.002424444 F480.000000
G1 X-26.298887 Y57.450000 Z1.100000 E0.002424444 F480.000000
G1 X-25.813999 Y57.450000 Z1.100000 E0.002424444 F480.000000
G1 X-25.329110 Y57.450000 Z1.100000 E0.002424444 F480.000000
G1 X-24.844221 Y57.450000 Z1.100000 E0.002424444 F480.000000
G1 X-24.359332 Y57.450000 Z1.100000 E0.002424444 F480.000000
G1 X-23.874444 Y57.450000 Z1.100000 E0.002424444 F480.000000
G1 X-23.389555 Y57.450000 Z1.100000 E0.002424444 F480.000000
G1 X-22.904666 Y57.450000 Z1.100000 E0.002424444 F480.000000
G1 X-22.419777 Y57.450000 Z1.100000 E0.002424444 F480.000000
G1 X-21.934889 Y57.450000 Z1.100000 E0.002424444 F480.000000
G1 X-21.450000 Y57.450000 Z1.100000 E0.002424444 F480.000000
G1 X-21.450000 Y56.950000 Z1.100000 E0.002500000 F480.000000
G1 X-21.450000 Y56.450000 Z1.100000 E0.002500000 F480.000000
G1 X-21.450000 Y55.950000 Z1.100000 E0.002500000 F480.000000
G1 X-21.450000 Y55.450000 Z1.100000 E0.002500000 F480.000000
G1 X-21.450000 Y54.950000 Z1.100000 E0.002500000 F480.000000
G1 X-21.450000 Y54.450000 Z1.100000 E0.002500000 F480.000000
G1 X-21.450000 Y53.950000 Z1.100000 E0.002500000 F480.000000
G1 X-21.937879 Y53.950000 Z1.100000 E0.002439394 F480.000000
G1 X-22.425758 Y53.950000 Z1.100000 E0.002439394 F480.000000
G1 X-22.913636 Y53.950000 Z1.100000 E0.002439394 F480.000000
G1 X-23.401515 Y53.950000 Z1.100000 E0.002439394 F480.000000
G1 X-23.889394 Y53.950000 Z1.100000 E0.002439394 F480.000000
G1 X-24.377273 Y53.950000 Z1.100000 E0.002439394 F480.000000
G1 X-24.865152 Y53.950000 Z1.100000 E0.002439394 F480.000000
G1 X-25.353030 Y53.950000 Z1.100000 E0.002439394 F480.000000
G1 X-25.840909 Y53.950000 Z1.100000 E0.002439394 F480.000000
G1 X-26.328788 Y53.950000 Z1.100000 E0.002439394 F480.000000
G1 X-26.816667 Y53.950000 Z1.100000 E0.002439394 F480.000000
G1 X-27.304545 Y53.950000 Z1.100000 E0.002439394 F480.000000
G1 X-27.792424 Y53.950000 Z1.100000 E0.002439394 F480.000000
G1 X-28.280303 Y53.950000 Z1.100000 E0.002439394 F480.000000
G1 X-28.768182 Y53.950000 Z1.100000 E0.002439394 F480.000000
G1 X-29.256061 Y53.950000 Z1.100000 E0.002439394 F480.000000
G1 X-29.743939 Y53.950000 Z1.100000 E0.002439394 F480.000000
G1 X-30.231818 Y53.950000 Z1.100000 E0.002439394 F480.000000
G1 X-30.719697 Y53.950000 Z1.100000 E0.002439394 F480.000000
G1 X-31.207576 Y53.950000 Z1.100000 E0.002439394 F480.000000
G1 X-31.695455 Y53.950000 Z1.100000 E0.002439394 F480.000000
G1 X-32.183333 Y53.950000 Z1.100000 E0.002439394 F480.000000
G1 X-32.671212 Y53.950000 Z1.100000 E0.002439394 F480.000000
G1 X-33.159091 Y53.950000 Z1.100000 E0.002439394 F480.000000
G1 X-33.646970 Y53.950000 Z1.100000 E0.002439394 F480.000000
G1 X-34.134848 Y53.950000 Z1.100000 E0.002439394 F480.000000
G1 X-34.622727 Y53.950000 Z1.100000 E0.002439394 F480.000000
G1 X-35.110606 Y53.950000 Z1.100000 E0.002439394 F480.000000
G1 X-35.598485 Y53.950000 Z1.100000 E0.002439394 F480.000000
G1 X-36.086364 Y53.950000 Z1.100000 E0.002439394 F480.000000
G1 X-36.574242 Y53.950000 Z1.100000 E0.002439394 F480.000000
G1 X-37.062121 Y53.950000 Z1.100000 E0.002439394 F480.000000
G1 X-37.550000 Y53.950000 Z1.100000 E0.002439394 F480.000000
G1 X-37.550000 Y54.450000 Z1.100000 E0.002500000 F480.000000
G1 X-37.550000 Y54.950000 Z1.100000 E0.002500000 F480.000000
G1 X-37.550000 Y55.450000 Z1.100000 E0.002500000 F480.000000
G1 X-37.550000 Y55.950000 Z1.100000 E0.002500000 F480.000000
G1 X-37.550000 Y56.450000 Z1.100000 E0.002500000 F480.000000
G1 X-37.550000 Y56.950000 Z1.100000 E0.002500000 F480.000000
G1 X-37.550000 Y57.450000 Z1.100000 E0.002500000 F480.000000
G1 X-37.550000 Y57.950000 Z1.100000 E0.002500000 F480.000000
G1 X-37.550000 Y58.450000 Z1.100000 E0.002500000 F480.000000
G1 X-37.550000 Y58.950000 Z1.100000 E0.002500000 F480.000000
G1 X-37.550000 Y59.450000 Z1.100000 E0.002500000 F480.000000
G1 X-37.550000 Y59.950000 Z1.100000 E0.002500000 F480.000000
G1 X-37.550000 Y60.450000 Z1.100000 E0.002500000 F480.000000
G1 X-37.550000 Y60.950000 Z1.100000 E0.002500000 F480.000000
G1 X-37.550000 Y61.450000 Z1.100000 E0.002500000 F480.000000
G1 X-37.550000 Y61.950000 Z1.100000 E0.002500000 F480.000000
G1 X-37.550000 Y62.450000 Z1.100000 E0.002500000 F480.000000
G1 X-37.550000 Y62.950000 Z1.100000 E0.002500000 F480.000000
G1 X-37.550000 Y63.450000 Z1.100000 E0.002500000 F480.000000
G1 X-37.550000 Y63.950000 Z1.100000 E0.002500000 F480.000000
G1 X-37.550000 Y64.450000 Z1.100000 E0.002500000 F480.000000
G1 X-37.550000 Y64.950000 Z1.100000 E0.002500000 F480.000000
G1 X-37.550000 Y65.450000 Z1.100000 E0.002500000 F480.000000
G1 X-37.550000 Y65.950000 Z1.100000 E0.002500000 F480.000000
G1 X-37.550000 Y66.450000 Z1.100000 E0.002500000 F480.000000
G1 X-37.550000 Y66.950000 Z1.100000 E0.002500000 F480.000000
G1 X-37.550000 Y67.450000 Z1.100000 E0.002500000 F480.000000
G1 X-37.550000 Y67.950000 Z1.100000 E0.002500000 F480.000000
G1 X-37.550000 Y68.450000 Z1.100000 E0.002500000 F480.000000
G1 X-37.550000 Y68.450000 Z3.100000 F480.000000
G1 X-36.550000 Y56.616667 Z3.100000 F1800.000000
G1 X-36.550000 Y56.616667 Z1.100000 F480.000000
G1 X-36.071997 Y56.616667 Z1.100000 E0.002390016 F480.000000
G1 X-35.593994 Y56.616667 Z1.100000 E0.002390016 F480.000000
G1 X-35.115990 Y56.616667 Z1.100000 E0.002390016 F480.000000
G1 X-34.637987 Y56.616667 Z1.100000 E0.002390016 F480.000000
G1 X-34.637987 Y56.616667 Z3.100000 F480.000000
G1 X-35.450000 Y63.283333 Z3.100000 F1800.000000
G1 X-35.450000 Y63.283333 Z1.100000 F480.000000
G1 X-35.816667 Y63.283333 Z1.100000 E0.001833333 F480.000000
G1 X-36.183333 Y63.283333 Z1.100000 E0.001833333 F480.000000
G1 X-36.550000 Y63.283333 Z1.100000 E0.001833333 F480.000000
G1 X-36.550000 Y63.283333 Z3.000000 F480.000000
G1 X-36.550000 Y63.283333 Z3.100000 F480.000000
G1 X20.450000 Y60.350000 Z3.100000 F1800.000000
G1 X20.450000 Y60.350000 Z1.100000 F480.000000
G1 X20.450000 Y60.792857 Z1.100000 E0.002214286 F480.000000
G1 X20.450000 Y61.235714 Z1.100000 E0.002214286 F480.000000
G1 X20.450000 Y61.678571 Z1.100000 E0.002214286 F480.000000
G1 X20.450000 Y62.121429 Z1.100000 E0.002214286 F480.000000
G1 X20.450000 Y62.564286 Z1.100000 E0.002214286 F480.000000
G1 X20.450000 Y63.007143 Z1.100000 E0.002214286 F480.000000
G1 X20.450000 Y63.450000 Z1.100000 E0.002214286 F480.000000
G1 X20.450000 Y63.450000 Z3.600000 F480.000000
G1 X20.450000 Y63.450000 Z1.600000 F480.000000
G1 X20.939744 Y63.450000 Z1.600000 E0.002448718 F480.000000
G1 X21.429487 Y63.450000 Z1.600000 E0.002448718 F480.000000
G1 X21.919231 Y63.450000 Z1.600000 E0.002448718 F480.000000
G1 X22.408974 Y63.450000 Z1.600000 E0.002448718 F480.000000
G1 X22.898718 Y63.450000 Z1.600000 E0.002448718 F480.000000
G1 X23.388462 Y63.450000 Z1.600000 E0.002448718 F480.000000
G1 X23.878205 Y63.450000 Z1.600000 E0.002448718 F480.000000
G1 X24.367949 Y63.450000 Z1.600000 E0.002448718 F480.000000
G1 X24.857692 Y63.450000 Z1.600000 E0.002448718 F480.000000
G1 X25.347436 Y63.450000 Z1.600000 E0.002448718 F480.000000
G1 X25.837179 Y63.450000 Z1.600000 E0.002448718 F480.000000
G1 X26.326923 Y63.450000 Z1.600000 E0.002448718 F480.000000
G1 X26.816667 Y63.450000 Z1.600000 E0.002448718 F480.000000
G1 X26.816667 Y63.450000 Z3.500000 F480.000000
G1 X26.816667 Y63.450000 Z1.100000 F480.000000
G1 X27.306410 Y63.450000 Z1.100000 E0.002448718 F480.000000
G1 X27.306410 Y63.450000 Z3.500000 F480.000000
G1 X27.306410 Y63.450000 Z0.600000 F480.000000
G1 X27.796154 Y63.450000 Z0.600000 E0.002448718 F480.000000
G1 X28.285897 Y63.450000 Z0.600000 E0.002448718 F480.000000
G1 X28.775641 Y63.450000 Z0.600000 E0.002448718 F480.000000
G1 X29.265385 Y63.450000 Z0.600000 E0.002448718 F480.000000
G1 X29.755128 Y63.450000 Z0.600000 E0.002448718 F480.000000
G1 X30.244872 Y63.450000 Z0.600000 E0.002448718 F480.000000
G1 X30.734615 Y63.450000 Z0.600000 E0.002448718 F480.000000
G1 X31.224359 Y63.450000 Z0.600000 E0.002448718 F480.000000
G1 X31.714103 Y63.450000 Z0.600000 E0.002448718 F480.000000
G1 X32.203846 Y63.450000 Z0.600000 E0.002448718 F480.000000
G1 X32.203846 Y63.450000 Z3.500000 F480.000000
G1 X32.203846 Y63.450000 Z1.100000 F480.000000
G1 X32.693590 Y63.450000 Z1.100000 E0.002448718 F480.000000
G1 X33.183333 Y63.450000 Z1.100000 E0.002448718 F480.000000
G1 X33.673077 Y63.450000 Z1.100000 E0.002448718 F480.000000
G1 X34.162821 Y63.450000 Z1.100000 E0.002448718 F480.000000
G1 X34.652564 Y63.450000 Z1.100000 E0.002448718 F480.000000
G1 X35.142308 Y63.450000 Z1.100000 E0.002448718 F480.000000
G1 X35.632051 Y63.450000 Z1.100000 E0.002448718 F480.000000
G1 X36.121795 Y63.450000 Z1.100000 E0.002448718 F480.000000
G1 X36.611538 Y63.450000 Z1.100000 E0.002448718 F480.000000
G1 X37.101282 Y63.450000 Z1.100000 E0.002448718 F480.000000
G1 X37.591026 Y63.450000 Z1.100000 E0.002448718 F480.000000
G1 X38.080769 Y63.450000 Z1.100000 E0.002448718 F480.000000
G1 X38.570513 Y63.450000 Z1.100000 E0.002448718 F480.000000
G1 X39.060256 Y63.450000 Z1.100000 E0.002448718 F480.000000
G1 X39.550000 Y63.450000 Z1.100000 E0.002448718 F480.000000
G1 X39.550000 Y63.450000 Z3.500000 F480.000000
G1 X39.550000 Y63.450000 Z0.600000 F480.000000
G1 X39.550000 Y63.007143 Z0.600000 E0.002214286 F480.000000
G1 X39.550000 Y62.564286 Z0.600000 E0.002214286 F480.000000
G1 X39.550000 Y62.121429 Z0.600000 E0.002214286 F480.000000
G1 X39.550000 Y61.678571 Z0.600000 E0.002214286 F480.000000
G1 X39.550000 Y61.235714 Z0.600000 E0.002214286 F480.000000
G1 X39.550000 Y60.792857 Z0.600000 E0.002214286 F480.000000
G1 X39.550000 Y60.350000 Z0.600000 E0.002214286 F480.000000
G1 X39.550000 Y60.350000 Z3.500000 F480.000000
G1 X39.550000 Y60.350000 Z1.100000 F480.000000
G1 X39.060256 Y60.350000 Z1.100000 E0.002448718 F480.000000
G1 X38.570513 Y60.350000 Z1.100000 E0.002448718 F480.000000
G1 X38.080769 Y60.350000 Z1.100000 E0.002448718 F480.000000
G1 X37.591026 Y60.350000 Z1.100000 E0.002448718 F480.000000
G1 X37.101282 Y60.350000 Z1.100000 E0.002448718 F480.000000
G1 X36.611538 Y60.350000 Z1.100000 E0.002448718 F480.000000
G1 X36.121795 Y60.350000 Z1.100000 E0.002448718 F480.000000
G1 X35.632051 Y60.350000 Z1.100000 E0.002448718 F480.000000
G1 X35.142308 Y60.350000 Z1.100000 E0.002448718 F480.000000
G1 X34.652564 Y60.350000 Z1.100000 E0.002448718 F480.000000
G1 X34.162821 Y60.350000 Z1.100000 E0.002448718 F480.000000
G1 X33.673077 Y60.350000 Z1.100000 E0.002448718 F480.000000
G1 X33.183333 Y60.350000 Z1.100000 E0.002448718 F480.000000
G1 X32.693590 Y60.350000 Z1.100000 E0.002448718 F480.000000
G1 X32.203846 Y60.350000 Z1.100000 E0.002448718 F480.000000
G1 X32.203846 Y60.350000 Z3.500000 F480.000000
G1 X32.203846 Y60.350000 Z0.600000 F480.000000
G1 X31.714103 Y60.350000 Z0.600000 E0.002448718 F480.000000
G1 X31.224359 Y60.350000 Z0.600000 E0.002448718 F480.000000
G1 X30.734615 Y60.350000 Z0.600000 E0.002448718 F480.000000
G1 X30.244872 Y60.350000 Z0.600000 E0.002448718 F480.000000
G1 X29.755128 Y60.350000 Z0.600000 E0.002448718 F480.000000
G1 X29.265385 Y60.350000 Z0.600000 E0.002448718 F480.000000
G1 X28.775641 Y60.350000 Z0.600000 E0.002448718 F480.000000
G1 X28.285897 Y60.350000 Z0.600000 E0.002448718 F480.000000
G1 X27.796154 Y60.350000 Z0.600000 E0.002448718 F480.000000
G1 X27.306410 Y60.350000 Z0.600000 E0.002448718 F480.000000
G1 X27.306410 Y60.350000 Z3.500000 F480.000000
G1 X27.306410 Y60.350000 Z1.100000 F480.000000
G1 X26.816667 Y60.350000 Z1.100000 E0.002448718 F480.000000
G1 X26.816667 Y60.350000 Z3.600000 F480.000000
G1 X26.816667 Y60.350000 Z1.600000 F480.000000
G1 X26.326923 Y60.350000 Z1.600000 E0.002448718 F480.000000
G1 X25.837179 Y60.350000 Z1.600000 E0.002448718 F480.000000
G1 X25.347436 Y60.350000 Z1.600000 E0.002448718 F480.000000
G1 X24.857692 Y60.350000 Z1.600000 E0.002448718 F480.000000
G1 X24.367949 Y60.350000 Z1.600000 E0.002448718 F480.000000
G1 X23.878205 Y60.350000 Z1.600000 E0.002448718 F480.000000
G1 X23.878205 Y60.350000 Z3.500000 F480.000000
G1 X23.878205 Y60.350000 Z1.100000 F480.000000
G1 X23.388462 Y60.350000 Z1.100000 E0.002448718 F480.000000
G1 X23.388462 Y60.350000 Z3.600000 F480.000000
G1 X23.388462 Y60.350000 Z1.600000 F480.000000
G1 X22.898718 Y60.350000 Z1.600000 E0.002448718 F480.000000
G1 X22.408974 Y60.350000 Z1.600000 E0.002448718 F480.000000
G1 X21.919231 Y60.350000 Z1.600000 E0.002448718 F480.000000
G1 X21.429487 Y60.350000 Z1.600000 E0.002448718 F480.000000
G1 X20.939744 Y60.350000 Z1.600000 E0.002448718 F480.000000
G1 X20.450000 Y60.350000 Z1.600000 E0.002448718 F480.000000
G1 X20.450000 Y60.350000 Z3.500000 F480.000000
G1 X35.450000 Y67.950000 Z3.500000 F1800.000000
G1 X35.450000 Y67.950000 Z0.600000 F480.000000
G1 X35.450000 Y68.392857 Z0.600000 E0.002214286 F480.000000
G1 X35.450000 Y68.835714 Z0.600000 E0.002214286 F480.000000
G1 X35.450000 Y68.835714 Z3.500000 F480.000000
G1 X35.450000 Y68.835714 Z1.100000 F480.000000
G1 X35.450000 Y69.278571 Z1.100000 E0.002214286 F480.000000
G1 X35.450000 Y69.721429 Z1.100000 E0.002214286 F480.000000
G1 X35.450000 Y70.164286 Z1.100000 E0.002214286 F480.000000
G1 X35.450000 Y70.607143 Z1.100000 E0.002214286 F480.000000
G1 X35.450000 Y71.050000 Z1.100000 E0.002214286 F480.000000
G1 X35.912500 Y71.050000 Z1.100000 E0.002312500 F480.000000
G1 X36.375000 Y71.050000 Z1.100000 E0.002312500 F480.000000
G1 X36.837500 Y71.050000 Z1.100000 E0.002312500 F480.000000
G1 X37.300000 Y71.050000 Z1.100000 E0.002312500 F480.000000
G1 X37.762500 Y71.050000 Z1.100000 E0.002312500 F480.000000
G1 X38.225000 Y71.050000 Z1.100000 E0.002312500 F480.000000
G1 X38.687500 Y71.050000 Z1.100000 E0.002312500 F480.000000
G1 X39.150000 Y71.050000 Z1.100000 E0.002312500 F480.000000
G1 X39.150000 Y71.050000 Z3.500000 F480.000000
G1 X39.150000 Y71.050000 Z0.600000 F480.000000
G1 X39.150000 Y70.607143 Z0.600000 E0.002214286 F480.000000
G1 X39.150000 Y70.164286 Z0.600000 E0.002214286 F480.000000
G1 X39.150000 Y69.721429 Z0.600000 E0.002214286 F480.000000
G1 X39.150000 Y69.278571 Z0.600000 E0.002214286 F480.000000
G1 X39.150000 Y68.835714 Z0.600000 E0.002214286 F480.000000
G1 X39.150000 Y68.392857 Z0.600000 E0.002214286 F480.000000
G1 X39.150000 Y67.950000 Z0.600000 E0.002214286 F480.000000
G1 X39.150000 Y67.950000 Z3.500000 F480.000000
G1 X39.150000 Y67.950000 Z1.100000 F480.000000
G1 X38.687500 Y67.950000 Z1.100000 E0.002312500 F480.000000
G1 X38.225000 Y67.950000 Z1.100000 E0.002312500 F480.000000
G1 X37.762500 Y67.950000 Z1.100000 E0.002312500 F480.000000
G1 X37.300000 Y67.950000 Z1.100000 E0.002312500 F480.000000
G1 X36.837500 Y67.950000 Z1.100000 E0.002312500 F480.000000
G1 X36.375000 Y67.950000 Z1.100000 E0.002312500 F480.000000
G1 X35.912500 Y67.950000 Z1.100000 E0.002312500 F480.000000
G1 X35.912500 Y67.950000 Z3.500000 F480.000000
G1 X35.912500 Y67.950000 Z0.600000 F480.000000
G1 X35.450000 Y67.950000 Z0.600000 E0.002312500 F480.000000
G1 X35.450000 Y67.950000 Z3.500000 F480.000000
G1 X36.450000 Y69.950000 Z3.500000 F1800.000000
G1 X36.450000 Y69.950000 Z1.100000 F480.000000
G1 X36.875000 Y69.950000 Z1.100000 E0.002125000 F480.000000
G1 X37.300000 Y69.950000 Z1.100000 E0.002125000 F480.000000
G1 X37.725000 Y69.950000 Z1.100000 E0.002125000 F480.000000
G1 X38.150000 Y69.950000 Z1.100000 E0.002125000 F480.000000
G1 X38.150000 Y69.950000 Z3.500000 F480.000000
G1 X20.450000 Y-64.650000 Z3.500000 F1800.000000
G1 X20.450000 Y-64.650000 Z1.100000 F480.000000
G1 X20.450000 Y-64.207143 Z1.100000 E0.002214286 F480.000000
G1 X20.450000 Y-63.764286 Z1.100000 E0.002214286 F480.000000
G1 X20.450000 Y-63.321429 Z1.100000 E0.002214286 F480.000000
G1 X20.450000 Y-62.878571 Z1.100000 E0.002214286 F480.000000
G1 X20.450000 Y-62.435714 Z1.100000 E0.002214286 F480.000000
G1 X20.450000 Y-61.992857 Z1.100000 E0.002214286 F480.000000
G1 X20.450000 Y-61.550000 Z1.100000 E0.002214286 F480.000000
G1 X20.450000 Y-61.550000 Z3.600000 F480.000000
G1 X20.450000 Y-61.550000 Z1.600000 F480.000000
G1 X20.939744 Y-61.550000 Z1.600000 E0.002448718 F480.000000
G1 X21.429487 Y-61.550000 Z1.600000 E0.002448718 F480.000000
G1 X21.919231 Y-61.550000 Z1.600000 E0.002448718 F480.000000
G1 X22.408974 Y-61.550000 Z1.600000 E0.002448718 F480.000000
G1 X22.898718 Y-61.550000 Z1.600000 E0.002448718 F480.000000
G1 X23.388462 Y-61.550000 Z1.600000 E0.002448718 F480.000000
G1 X23.878205 Y-61.550000 Z1.600000 E0.002448718 F480.000000
G1 X24.367949 Y-61.550000 Z1.600000 E0.002448718 F480.000000
G1 X24.857692 Y-61.550000 Z1.600000 E0.002448718 F480.000000
G1 X25.347436 Y-61.550000 Z1.600000 E0.002448718 F480.000000
G1 X25.837179 Y-61.550000 Z1.600000 E0.002448718 F480.000000
G1 X26.326923 Y-61.550000 Z1.600000 E0.002448718 F480.000000
G1 X26.816667 Y-61.550000 Z1.600000 E0.002448718 F480.000000
G1 X26.816667 Y-61.550000 Z3.500000 F480.000000
G1 X26.816667 Y-61.550000 Z1.100000 F480.000000
G1 X27.306410 Y-61.550000 Z1.100000 E0.002448718 F480.000000
G1 X27.306410 Y-61.550000 Z3.500000 F480.000000
G1 X27.306410 Y-61.550000 Z0.600000 F480.000000
G1 X27.796154 Y-61.550000 Z0.600000 E0.002448718 F480.000000
G1 X28.285897 Y-61.550000 Z0.600000 E0.002448718 F480.000000
G1 X28.775641 Y-61.550000 Z0.600000 E0.002448718 F480.000000
G1 X29.265385 Y-61.550000 Z0.600000 E0.002448718 F480.000000
G1 X29.755128 Y-61.550000 Z0.600000 E0.002448718 F480.000000
G1 X30.244872 Y-61.550000 Z0.600000 E0.002448718 F480.000000
G1 X30.734615 Y-61.550000 Z0.600000 E0.002448718 F480.000000
G1 X31.224359 Y-61.550000 Z0.600000 E0.002448718 F480.000000
G1 X31.714103 Y-61.550000 Z0.600000 E0.002448718 F480.000000
G1 X32.203846 Y-61.550000 Z0.600000 E0.002448718 F480.000000
G1 X32.203846 Y-61.550000 Z3.500000 F480.000000
G1 X32.203846 Y-61.550000 Z1.100000 F480.000000
G1 X32.693590 Y-61.550000 Z1.100000 E0.002448718 F480.000000
G1 X33.183333 Y-61.550000 Z1.100000 E0.002448718 F480.000000
G1 X33.673077 Y-61.550000 Z1.100000 E0.002448718 F480.000000
G1 X34.162821 Y-61.550000 Z1.100000 E0.002448718 F480.000000
G1 X34.652564 Y-61.550000 Z1.100000 E0.002448718 F480.000000
G1 X35.142308 Y-61.550000 Z1.100000 E0.002448718 F480.000000
G1 X35.632051 Y-61.550000 Z1.100000 E0.002448718 F480.000000
G1 X36.121795 Y-61.550000 Z1.100000 E0.002448718 F480.000000
G1 X36.611538 Y-61.550000 Z1.100000 E0.002448718 F480.000000
G1 X37.101282 Y-61.550000 Z1.100000 E0.002448718 F480.000000
G1 X37.591026 Y-61.550000 Z1.100000 E0.002448718 F480.000000
G1 X38.080769 Y-61.550000 Z1.100000 E0.002448718 F480.000000
G1 X38.570513 Y-61.550000 Z1.100000 E0.002448718 F480.000000
G1 X39.060256 Y-61.550000 Z1.100000 E0.002448718 F480.000000
G1 X39.550000 Y-61.550000 Z1.100000 E0.002448718 F480.000000
G1 X39.550000 Y-61.550000 Z3.500000 F480.000000
G1 X39.550000 Y-61.550000 Z0.600000 F480.000000
G1 X39.550000 Y-61.992857 Z0.600000 E0.002214286 F480.000000
G1 X39.550000 Y-62.435714 Z0.600000 E0.002214286 F480.000000
G1 X39.550000 Y-62.878571 Z0.600000 E0.002214286 F480.000000
G1 X39.550000 Y-63.321429 Z0.600000 E0.002214286 F480.000000
G1 X39.550000 Y-63.764286 Z0.600000 E0.002214286 F480.000000
G1 X39.550000 Y-64.207143 Z0.600000 E0.002214286 F480.000000
G1 X39.550000 Y-64.650000 Z0.600000 E0.002214286 F480.000000
G1 X39.550000 Y-64.650000 Z3.500000 F480.000000
G1 X39.550000 Y-64.650000 Z1.100000 F480.000000
G1 X39.060256 Y-64.650000 Z1.100000 E0.002448718 F480.000000
G1 X38.570513 Y-64.650000 Z1.100000 E0.002448718 F480.000000
G1 X38.080769 Y-64.650000 Z1.100000 E0.002448718 F480.000000
G1 X37.591026 Y-64.650000 Z1.100000 E0.002448718 F480.000000
G1 X37.101282 Y-64.650000 Z1.100000 E0.002448718 F480.000000
G1 X36.611538 Y-64.650000 Z1.100000 E0.002448718 F480.000000
G1 X36.121795 Y-64.650000 Z1.100000 E0.002448718 F480.000000
G1 X35.632051 Y-64.650000 Z1.100000 E0.002448718 F480.000000
G1 X35.142308 Y-64.650000 Z1.100000 E0.002448718 F480.000000
G1 X34.652564 Y-64.650000 Z1.100000 E0.002448718 F480.000000
G1 X34.162821 Y-64.650000 Z1.100000 E0.002448718 F480.000000
G1 X33.673077 Y-64.650000 Z1.100000 E0.002448718 F480.000000
G1 X33.183333 Y-64.650000 Z1.100000 E0.002448718 F480.000000
G1 X32.693590 Y-64.650000 Z1.100000 E0.002448718 F480.000000
G1 X32.203846 Y-64.650000 Z1.100000 E0.002448718 F480.000000
G1 X32.203846 Y-64.650000 Z3.500000 F480.000000
G1 X32.203846 Y-64.650000 Z0.600000 F480.000000
G1 X31.714103 Y-64.650000 Z0.600000 E0.002448718 F480.000000
G1 X31.224359 Y-64.650000 Z0.600000 E0.002448718 F480.000000
G1 X30.734615 Y-64.650000 Z0.600000 E0.002448718 F480.000000
G1 X30.244872 Y-64.650000 Z0.600000 E0.002448718 F480.000000
G1 X29.755128 Y-64.650000 Z0.600000 E0.002448718 F480.000000
G1 X29.265385 Y-64.650000 Z0.600000 E0.002448718 F480.000000
G1 X28.775641 Y-64.650000 Z0.600000 E0.002448718 F480.000000
G1 X28.285897 Y-64.650000 Z0.600000 E0.002448718 F480.000000
G1 X27.796154 Y-64.650000 Z0.600000 E0.002448718 F480.000000
G1 X27.306410 Y-64.650000 Z0.600000 E0.002448718 F480.000000
G1 X27.306410 Y-64.650000 Z3.500000 F480.000000
G1 X27.306410 Y-64.650000 Z1.100000 F480.000000
G1 X26.816667 Y-64.650000 Z1.100000 E0.002448718 F480.000000
G1 X26.816667 Y-64.650000 Z3.600000 F480.000000
G1 X26.816667 Y-64.650000 Z1.600000 F480.000000
G1 X26.326923 Y-64.650000 Z1.600000 E0.002448718 F480.000000
G1 X25.837179 Y-64.650000 Z1.600000 E0.002448718 F480.000000
G1 X25.347436 Y-64.650000 Z1.600000 E0.002448718 F480.000000
G1 X24.857692 Y-64.650000 Z1.600000 E0.002448718 F480.000000
G1 X24.367949 Y-64.650000 Z1.600000 E0.002448718 F480.000000
G1 X23.878205 Y-64.650000 Z1.600000 E0.002448718 F480.000000
G1 X23.878205 Y-64.650000 Z3.500000 F480.000000
G1 X23.878205 Y-64.650000 Z1.100000 F480.000000
G1 X23.388462 Y-64.650000 Z1.100000 E0.002448718 F480.000000
G1 X23.388462 Y-64.650000 Z3.600000 F480.000000
G1 X23.388462 Y-64.650000 Z1.600000 F480.000000
G1 X22.898718 Y-64.650000 Z1.600000 E0.002448718 F480.000000
G1 X22.408974 Y-64.650000 Z1.600000 E0.002448718 F480.000000
G1 X21.919231 Y-64.650000 Z1.600000 E0.002448718 F480.000000
G1 X21.429487 Y-64.650000 Z1.600000 E0.002448718 F480.000000
G1 X20.939744 Y-64.650000 Z1.600000 E0.002448718 F480.000000
G1 X20.450000 Y-64.650000 Z1.600000 E0.002448718 F480.000000
G1 X20.450000 Y-64.650000 Z3.500000 F480.000000
G1 X35.450000 Y-57.050000 Z3.500000 F1800.000000
G1 X35.450000 Y-57.050000 Z0.600000 F480.000000
G1 X35.450000 Y-56.607143 Z0.600000 E0.002214286 F480.000000
G1 X35.450000 Y-56.164286 Z0.600000 E0.002214286 F480.000000
G1 X35.450000 Y-56.164286 Z3.500000 F480.000000
G1 X35.450000 Y-56.164286 Z1.100000 F480.000000
G1 X35.450000 Y-55.721429 Z1.100000 E0.002214286 F480.000000
G1 X35.450000 Y-55.278571 Z1.100000 E0.002214286 F480.000000
G1 X35.450000 Y-54.835714 Z1.100000 E0.002214286 F480.000000
G1 X35.450000 Y-54.392857 Z1.100000 E0.002214286 F480.000000
G1 X35.450000 Y-53.950000 Z1.100000 E0.002214286 F480.000000
G1 X35.912500 Y-53.950000 Z1.100000 E0.002312500 F480.000000
G1 X36.375000 Y-53.950000 Z1.100000 E0.002312500 F480.000000
G1 X36.837500 Y-53.950000 Z1.100000 E0.002312500 F480.000000
G1 X37.300000 Y-53.950000 Z1.100000 E0.002312500 F480.000000
G1 X37.762500 Y-53.950000 Z1.100000 E0.002312500 F480.000000
G1 X38.225000 Y-53.950000 Z1.100000 E0.002312500 F480.000000
G1 X38.687500 Y-53.950000 Z1.100000 E0.002312500 F480.000000
G1 X39.150000 Y-53.950000 Z1.100000 E0.002312500 F480.000000
G1 X39.150000 Y-53.950000 Z3.500000 F480.000000
G1 X39.150000 Y-53.950000 Z0.600000 F480.000000
G1 X39.150000 Y-54.392857 Z0.600000 E0.002214286 F480.000000
G1 X39.150000 Y-54.835714 Z0.600000 E0.002214286 F480.000000
G1 X39.150000 Y-55.278571 Z0.600000 E0.002214286 F480.000000
G1 X39.150000 Y-55.721429 Z0.600000 E0.002214286 F480.000000
G1 X39.150000 Y-56.164286 Z0.600000 E0.002214286 F480.000000
G1 X39.150000 Y-56.607143 Z0.600000 E0.002214286 F480.000000
G1 X39.150000 Y-57.050000 Z0.600000 E0.002214286 F480.000000
G1 X39.150000 Y-57.050000 Z3.500000 F480.000000
G1 X39.150000 Y-57.050000 Z1.100000 F480.000000
G1 X38.687500 Y-57.050000 Z1.100000 E0.002312500 F480.000000
G1 X38.225000 Y-57.050000 Z1.100000 E0.002312500 F480.000000
G1 X37.762500 Y-57.050000 Z1.100000 E0.002312500 F480.000000
G1 X37.300000 Y-57.050000 Z1.100000 E0.002312500 F480.000000
G1 X36.837500 Y-57.050000 Z1.100000 E0.002312500 F480.000000
G1 X36.375000 Y-57.050000 Z1.100000 E0.002312500 F480.000000
G1 X35.912500 Y-57.050000 Z1.100000 E0.002312500 F480.000000
G1 X35.912500 Y-57.050000 Z3.500000 F480.000000
G1 X35.912500 Y-57.050000 Z0.600000 F480.000000
G1 X35.450000 Y-57.050000 Z0.600000 E0.002312500 F480.000000
G1 X35.450000 Y-57.050000 Z3.500000 F480.000000
G1 X36.450000 Y-55.050000 Z3.500000 F1800.000000
G1 X36.450000 Y-55.050000 Z1.100000 F480.000000
G1 X36.875000 Y-55.050000 Z1.100000 E0.002125000 F480.000000
G1 X37.300000 Y-55.050000 Z1.100000 E0.002125000 F480.000000
G1 X37.725000 Y-55.050000 Z1.100000 E0.002125000 F480.000000
G1 X38.150000 Y-55.050000 Z1.100000 E0.002125000 F480.000000
G1 X38.150000 Y-55.050000 Z3.500000 F480.000000
G1 X-39.550000 Y-64.650000 Z3.500000 F1800.000000
G1 X-39.550000 Y-64.650000 Z1.100000 F480.000000
G1 X-39.550000 Y-64.207143 Z1.100000 E0.002214286 F480.000000
G1 X-39.550000 Y-63.764286 Z1.100000 E0.002214286 F480.000000
G1 X-39.550000 Y-63.321429 Z1.100000 E0.002214286 F480.000000
G1 X-39.550000 Y-62.878571 Z1.100000 E0.002214286 F480.000000
G1 X-39.550000 Y-62.435714 Z1.100000 E0.002214286 F480.000000
G1 X-39.550000 Y-61.992857 Z1.100000 E0.002214286 F480.000000
G1 X-39.550000 Y-61.550000 Z1.100000 E0.002214286 F480.000000
G1 X-39.550000 Y-61.550000 Z3.600000 F480.000000
G1 X-39.550000 Y-61.550000 Z1.600000 F480.000000
G1 X-39.060256 Y-61.550000 Z1.600000 E0.002448718 F480.000000
G1 X-38.570513 Y-61.550000 Z1.600000 E0.002448718 F480.000000
G1 X-38.080769 Y-61.550000 Z1.600000 E0.002448718 F480.000000
G1 X-37.591026 Y-61.550000 Z1.600000 E0.002448718 F480.000000
G1 X-37.101282 Y-61.550000 Z1.600000 E0.002448718 F480.000000
G1 X-36.611538 Y-61.550000 Z1.600000 E0.002448718 F480.000000
G1 X-36.121795 Y-61.550000 Z1.600000 E0.002448718 F480.000000
G1 X-35.632051 Y-61.550000 Z1.600000 E0.002448718 F480.000000
G1 X-35.142308 Y-61.550000 Z1.600000 E0.002448718 F480.000000
G1 X-34.652564 Y-61.550000 Z1.600000 E0.002448718 F480.000000
G1 X-34.162821 Y-61.550000 Z1.600000 E0.002448718 F480.000000
G1 X-33.673077 Y-61.550000 Z1.600000 E0.002448718 F480.000000
G1 X-33.183333 Y-61.550000 Z1.600000 E0.002448718 F480.000000
G1 X-33.183333 Y-61.550000 Z3.500000 F480.000000
G1 X-33.183333 Y-61.550000 Z1.100000 F480.000000
G1 X-32.693590 Y-61.550000 Z1.100000 E0.002448718 F480.000000
G1 X-32.693590 Y-61.550000 Z3.500000 F480.000000
G1 X-32.693590 Y-61.550000 Z0.600000 F480.000000
G1 X-32.203846 Y-61.550000 Z0.600000 E0.002448718 F480.000000
G1 X-31.714103 Y-61.550000 Z0.600000 E0.002448718 F480.000000
G1 X-31.224359 Y-61.550000 Z0.600000 E0.002448718 F480.000000
G1 X-30.734615 Y-61.550000 Z0.600000 E0.002448718 F480.000000
G1 X-30.244872 Y-61.550000 Z0.600000 E0.002448718 F480.000000
G1 X-29.755128 Y-61.550000 Z0.600000 E0.002448718 F480.000000
G1 X-29.265385 Y-61.550000 Z0.600000 E0.002448718 F480.000000
G1 X-28.775641 Y-61.550000 Z0.600000 E0.002448718 F480.000000
G1 X-28.285897 Y-61.550000 Z0.600000 E0.002448718 F480.000000
G1 X-27.796154 Y-61.550000 Z0.600000 E0.002448718 F480.000000
G1 X-27.796154 Y-61.550000 Z3.500000 F480.000000
G1 X-27.796154 Y-61.550000 Z1.100000 F480.000000
G1 X-27.306410 Y-61.550000 Z1.100000 E0.002448718 F480.000000
G1 X-26.816667 Y-61.550000 Z1.100000 E0.002448718 F480.000000
G1 X-26.326923 Y-61.550000 Z1.100000 E0.002448718 F480.000000
G1 X-25.837179 Y-61.550000 Z1.100000 E0.002448718 F480.000000
G1 X-25.347436 Y-61.550000 Z1.100000 E0.002448718 F480.000000
G1 X-24.857692 Y-61.550000 Z1.100000 E0.002448718 F480.000000
G1 X-24.367949 Y-61.550000 Z1.100000 E0.002448718 F480.000000
G1 X-23.878205 Y-61.550000 Z1.100000 E0.002448718 F480.000000
G1 X-23.388462 Y-61.550000 Z1.100000 E0.002448718 F480.000000
G1 X-22.898718 Y-61.550000 Z1.100000 E0.002448718 F480.000000
G1 X-22.408974 Y-61.550000 Z1.100000 E0.002448718 F480.000000
G1 X-21.919231 Y-61.550000 Z1.100000 E0.002448718 F480.000000
G1 X-21.429487 Y-61.550000 Z1.100000 E0.002448718 F480.000000
G1 X-20.939744 Y-61.550000 Z1.100000 E0.002448718 F480.000000
G1 X-20.450000 Y-61.550000 Z1.100000 E0.002448718 F480.000000
G1 X-20.450000 Y-61.550000 Z3.500000 F480.000000
G1 X-20.450000 Y-61.550000 Z0.600000 F480.000000
G1 X-20.450000 Y-61.992857 Z0.600000 E0.002214286 F480.000000
G1 X-20.450000 Y-62.435714 Z0.600000 E0.002214286 F480.000000
G1 X-20.450000 Y-62.878571 Z0.600000 E0.002214286 F480.000000
G1 X-20.450000 Y-63.321429 Z0.600000 E0.002214286 F480.000000
G1 X-20.450000 Y-63.764286 Z0.600000 E0.002214286 F480.000000
G1 X-20.450000 Y-64.207143 Z0.600000 E0.002214286 F480.000000
G1 X-20.450000 Y-64.650000 Z0.600000 E0.002214286 F480.000000
G1 X-20.450000 Y-64.650000 Z3.500000 F480.000000
G1 X-20.450000 Y-64.650000 Z1.100000 F480.000000
G1 X-20.939744 Y-64.650000 Z1.100000 E0.002448718 F480.000000
G1 X-21.429487 Y-64.650000 Z1.100000 E0.002448718 F480.000000
G1 X-21.919231 Y-64.650000 Z1.100000 E0.002448718 F480.000000
G1 X-22.408974 Y-64.650000 Z1.100000 E0.002448718 F480.000000
G1 X-22.898718 Y-64.650000 Z1.100000 E0.002448718 F480.000000
G1 X-23.388462 Y-64.650000 Z1.100000 E0.002448718 F480.000000
G1 X-23.878205 Y-64.650000 Z1.100000 E0.002448718 F480.000000
G1 X-24.367949 Y-64.650000 Z1.100000 E0.002448718 F480.000000
G1 X-24.857692 Y-64.650000 Z1.100000 E0.002448718 F480.000000
G1 X-25.347436 Y-64.650000 Z1.100000 E0.002448718 F480.000000
G1 X-25.837179 Y-64.650000 Z1.100000 E0.002448718 F480.000000
G1 X-26.326923 Y-64.650000 Z1.100000 E0.002448718 F480.000000
G1 X-26.816667 Y-64.650000 Z1.100000 E0.002448718 F480.000000
G1 X-27.306410 Y-64.650000 Z1.100000 E0.002448718 F480.000000
G1 X-27.796154 Y-64.650000 Z1.100000 E0.002448718 F480.000000
G1 X-27.796154 Y-64.650000 Z3.500000 F480.000000
G1 X-27.796154 Y-64.650000 Z0.600000 F480.000000
G1 X-28.285897 Y-64.650000 Z0.600000 E0.002448718 F480.000000
G1 X-28.775641 Y-64.650000 Z0.600000 E0.002448718 F480.000000
G1 X-29.265385 Y-64.650000 Z0.600000 E0.002448718 F480.000000
G1 X-29.755128 Y-64.650000 Z0.600000 E0.002448718 F480.000000
G1 X-30.244872 Y-64.650000 Z0.600000 E0.002448718 F480.000000
G1 X-30.734615 Y-64.650000 Z0.600000 E0.002448718 F480.000000
G1 X-31.224359 Y-64.650000 Z0.600000 E0.002448718 F480.000000
G1 X-31.714103 Y-64.650000 Z0.600000 E0.002448718 F480.000000
G1 X-32.203846 Y-64.650000 Z0.600000 E0.002448718 F480.000000
G1 X-32.693590 Y-64.650000 Z0.600000 E0.002448718 F480.000000
G1 X-32.693590 Y-64.650000 Z3.500000 F480.000000
G1 X-32.693590 Y-64.650000 Z1.100000 F480.000000
G1 X-33.183333 Y-64.650000 Z1.100000 E0.002448718 F480.000000
G1 X-33.183333 Y-64.650000 Z3.600000 F480.000000
G1 X-33.183333 Y-64.650000 Z1.600000 F480.000000
G1 X-33.673077 Y-64.650000 Z1.600000 E0.002448718 F480.000000
G1 X-34.162821 Y-64.650000 Z1.600000 E0.002448718 F480.000000
G1 X-34.652564 Y-64.650000 Z1.600000 E0.002448718 F480.000000
G1 X-35.142308 Y-64.650000 Z1.600000 E0.002448718 F480.000000
G1 X-35.632051 Y-64.650000 Z1.600000 E0.002448718 F480.000000
G1 X-36.121795 Y-64.650000 Z1.600000 E0.002448718 F480.000000
G1 X-36.121795 Y-64.650000 Z3.500000 F480.000000
G1 X-36.121795 Y-64.650000 Z1.100000 F480.000000
G1 X-36.611538 Y-64.650000 Z1.100000 E0.002448718 F480.000000
G1 X-36.611538 Y-64.650000 Z3.600000 F480.000000
G1 X-36.611538 Y-64.650000 Z1.600000 F480.000000
G1 X-37.101282 Y-64.650000 Z1.600000 E0.002448718 F480.000000
G1 X-37.591026 Y-64.650000 Z1.600000 E0.002448718 F480.000000
G1 X-38.080769 Y-64.650000 Z1.600000 E0.002448718 F480.000000
G1 X-38.570513 Y-64.650000 Z1.600000 E0.002448718 F480.000000
G1 X-39.060256 Y-64.650000 Z1.600000 E0.002448718 F480.000000
G1 X-39.550000 Y-64.650000 Z1.600000 E0.002448718 F480.000000
G1 X-39.550000 Y-64.650000 Z3.500000 F480.000000
G1 X-24.550000 Y-57.050000 Z3.500000 F1800.000000
G1 X-24.550000 Y-57.050000 Z0.600000 F480.000000
G1 X-24.550000 Y-56.607143 Z0.600000 E0.002214286 F480.000000
G1 X-24.550000 Y-56.164286 Z0.600000 E0.002214286 F480.000000
G1 X-24.550000 Y-56.164286 Z3.500000 F480.000000
G1 X-24.550000 Y-56.164286 Z1.100000 F480.000000
G1 X-24.550000 Y-55.721429 Z1.100000 E0.002214286 F480.000000
G1 X-24.550000 Y-55.278571 Z1.100000 E0.002214286 F480.000000
G1 X-24.550000 Y-54.835714 Z1.100000 E0.002214286 F480.000000
G1 X-24.550000 Y-54.392857 Z1.100000 E0.002214286 F480.000000
G1 X-24.550000 Y-53.950000 Z1.100000 E0.002214286 F480.000000
G1 X-24.087500 Y-53.950000 Z1.100000 E0.002312500 F480.000000
G1 X-23.625000 Y-53.950000 Z1.100000 E0.002312500 F480.000000
G1 X-23.162500 Y-53.950000 Z1.100000 E0.002312500 F480.000000
G1 X-22.700000 Y-53.950000 Z1.100000 E0.002312500 F480.000000
G1 X-22.237500 Y-53.950000 Z1.100000 E0.002312500 F480.000000
G1 X-21.775000 Y-53.950000 Z1.100000 E0.002312500 F480.000000
G1 X-21.312500 Y-53.950000 Z1.100000 E0.002312500 F480.000000
G1 X-20.850000 Y-53.950000 Z1.100000 E0.002312500 F480.000000
G1 X-20.850000 Y-53.950000 Z3.500000 F480.000000
G1 X-20.850000 Y-53.950000 Z0.600000 F480.000000
G1 X-20.850000 Y-54.392857 Z0.600000 E0.002214286 F480.000000
G1 X-20.850000 Y-54.835714 Z0.600000 E0.002214286 F480.000000
G1 X-20.850000 Y-55.278571 Z0.600000 E0.002214286 F480.000000
G1 X-20.850000 Y-55.721429 Z0.600000 E0.002214286 F480.000000
G1 X-20.850000 Y-56.164286 Z0.600000 E0.002214286 F480.000000
G1 X-20.850000 Y-56.607143 Z0.600000 E0.002214286 F480.000000
G1 X-20.850000 Y-57.050000 Z0.600000 E0.002214286 F480.000000
G1 X-20.850000 Y-57.050000 Z3.500000 F480.000000
G1 X-20.850000 Y-57.050000 Z1.100000 F480.000000
G1 X-21.312500 Y-57.050000 Z1.100000 E0.002312500 F480.000000
G1 X-21.775000 Y-57.050000 Z1.100000 E0.002312500 F480.000000
G1 X-22.237500 Y-57.050000 Z1.100000 E0.002312500 F480.000000
G1 X-22.700000 Y-57.050000 Z1.100000 E0.002312500 F480.000000
G1 X-23.162500 Y-57.050000 Z1.100000 E0.002312500 F480.000000
G1 X-23.625000 Y-57.050000 Z1.100000 E0.002312500 F480.000000
G1 X-24.087500 Y-57.050000 Z1.100000 E0.002312500 F480.000000
G1 X-24.087500 Y-57.050000 Z3.500000 F480.000000
G1 X-24.087500 Y-57.050000 Z0.600000 F480.000000
G1 X-24.550000 Y-57.050000 Z0.600000 E0.002312500 F480.000000
G1 X-24.550000 Y-57.050000 Z3.500000 F480.000000
G1 X-23.550000 Y-55.050000 Z3.500000 F1800.000000
G1 X-23.550000 Y-55.050000 Z1.100000 F480.000000
G1 X-23.125000 Y-55.050000 Z1.100000 E0.002125000 F480.000000
G1 X-22.700000 Y-55.050000 Z1.100000 E0.002125000 F480.000000
G1 X-22.275000 Y-55.050000 Z1.100000 E0.002125000 F480.000000
G1 X-21.850000 Y-55.050000 Z1.100000 E0.002125000 F480.000000
G1 X-21.850000 Y-55.050000 Z3.500000 F480.000000
G1 X-39.550000 Y60.350000 Z3.500000 F1800.000000
G1 X-39.550000 Y60.350000 Z1.100000 F480.000000
G1 X-39.550000 Y60.792857 Z1.100000 E0.002214286 F480.000000
G1 X-39.550000 Y61.235714 Z1.100000 E0.002214286 F480.000000
G1 X-39.550000 Y61.678571 Z1.100000 E0.002214286 F480.000000
G1 X-39.550000 Y62.121429 Z1.100000 E0.002214286 F480.000000
G1 X-39.550000 Y62.564286 Z1.100000 E0.002214286 F480.000000
G1 X-39.550000 Y63.007143 Z1.100000 E0.002214286 F480.000000
G1 X-39.550000 Y63.450000 Z1.100000 E0.002214286 F480.000000
G1 X-39.550000 Y63.450000 Z3.600000 F480.000000
G1 X-39.550000 Y63.450000 Z1.600000 F480.000000
G1 X-39.060256 Y63.450000 Z1.600000 E0.002448718 F480.000000
G1 X-38.570513 Y63.450000 Z1.600000 E0.002448718 F480.000000
G1 X-38.080769 Y63.450000 Z1.600000 E0.002448718 F480.000000
G1 X-37.591026 Y63.450000 Z1.600000 E0.002448718 F480.000000
G1 X-37.101282 Y63.450000 Z1.600000 E0.002448718 F480.000000
G1 X-36.611538 Y63.450000 Z1.600000 E0.002448718 F480.000000
G1 X-36.121795 Y63.450000 Z1.600000 E0.002448718 F480.000000
G1 X-35.632051 Y63.450000 Z1.600000 E0.002448718 F480.000000
G1 X-35.142308 Y63.450000 Z1.600000 E0.002448718 F480.000000
G1 X-34.652564 Y63.450000 Z1.600000 E0.002448718 F480.000000
G1 X-34.162821 Y63.450000 Z1.600000 E0.002448718 F480.000000
G1 X-33.673077 Y63.450000 Z1.600000 E0.002448718 F480.000000
G1 X-33.183333 Y63.450000 Z1.600000 E0.002448718 F480.000000
G1 X-33.183333 Y63.450000 Z3.500000 F480.000000
G1 X-33.183333 Y63.450000 Z1.100000 F480.000000
G1 X-32.693590 Y63.450000 Z1.100000 E0.002448718 F480.000000
G1 X-32.693590 Y63.450000 Z3.500000 F480.000000
G1 X-32.693590 Y63.450000 Z0.600000 F480.000000
G1 X-32.203846 Y63.450000 Z0.600000 E0.002448718 F480.000000
G1 X-31.714103 Y63.450000 Z0.600000 E0.002448718 F480.000000
G1 X-31.224359 Y63.450000 Z0.600000 E0.002448718 F480.000000
G1 X-30.734615 Y63.450000 Z0.600000 E0.002448718 F480.000000
G1 X-30.244872 Y63.450000 Z0.600000 E0.002448718 F480.000000
G1 X-29.755128 Y63.450000 Z0.600000 E0.002448718 F480.000000
G1 X-29.265385 Y63.450000 Z0.600000 E0.002448718 F480.000000
G1 X-28.775641 Y63.450000 Z0.600000 E0.002448718 F480.000000
G1 X-28.285897 Y63.450000 Z0.600000 E0.002448718 F480.000000
G1 X-27.796154 Y63.450000 Z0.600000 E0.002448718 F480.000000
G1 X-27.796154 Y63.450000 Z3.500000 F480.000000
G1 X-27.796154 Y63.450000 Z1.100000 F480.000000
G1 X-27.306410 Y63.450000 Z1.100000 E0.002448718 F480.000000
G1 X-26.816667 Y63.450000 Z1.100000 E0.002448718 F480.000000
G1 X-26.326923 Y63.450000 Z1.100000 E0.002448718 F480.000000
G1 X-25.837179 Y63.450000 Z1.100000 E0.002448718 F480.000000
G1 X-25.347436 Y63.450000 Z1.100000 E0.002448718 F480.000000
G1 X-24.857692 Y63.450000 Z1.100000 E0.002448718 F480.000000
G1 X-24.367949 Y63.450000 Z1.100000 E0.002448718 F480.000000
G1 X-23.878205 Y63.450000 Z1.100000 E0.002448718 F480.000000
G1 X-23.388462 Y63.450000 Z1.100000 E0.002448718 F480.000000
G1 X-22.898718 Y63.450000 Z1.100000 E0.002448718 F480.000000
G1 X-22.408974 Y63.450000 Z1.100000 E0.002448718 F480.000000
G1 X-21.919231 Y63.450000 Z1.100000 E0.002448718 F480.000000
G1 X-21.429487 Y63.450000 Z1.100000 E0.002448718 F480.000000
G1 X-20.939744 Y63.450000 Z1.100000 E0.002448718 F480.000000
G1 X-20.450000 Y63.450000 Z1.100000 E0.002448718 F480.000000
G1 X-20.450000 Y63.450000 Z3.500000 F480.000000
G1 X-20.450000 Y63.450000 Z0.600000 F480.000000
G1 X-20.450000 Y63.007143 Z0.600000 E0.002214286 F480.000000
G1 X-20.450000 Y62.564286 Z0.600000 E0.002214286 F480.000000
G1 X-20.450000 Y62.121429 Z0.600000 E0.002214286 F480.000000
G1 X-20.450000 Y61.678571 Z0.600000 E0.002214286 F480.000000
G1 X-20.450000 Y61.235714 Z0.600000 E0.002214286 F480.000000
G1 X-20.450000 Y60.792857 Z0.600000 E0.002214286 F480.000000
G1 X-20.450000 Y60.350000 Z0.600000 E0.002214286 F480.000000
G1 X-20.450000 Y60.350000 Z3.500000 F480.000000
G1 X-20.450000 Y60.350000 Z1.100000 F480.000000
G1 X-20.939744 Y60.350000 Z1.100000 E0.002448718 F480.000000
G1 X-21.429487 Y60.350000 Z1.100000 E0.002448718 F480.000000
G1 X-21.919231 Y60.350000 Z1.100000 E0.002448718 F480.000000
G1 X-22.408974 Y60.350000 Z1.100000 E0.002448718 F480.000000
G1 X-22.898718 Y60.350000 Z1.100000 E0.002448718 F480.000000
G1 X-23.388462 Y60.350000 Z1.100000 E0.002448718 F480.000000
G1 X-23.878205 Y60.350000 Z1.100000 E0.002448718 F480.000000
G1 X-24.367949 Y60.350000 Z1.100000 E0.002448718 F480.000000
G1 X-24.857692 Y60.350000 Z1.100000 E0.002448718 F480.000000
G1 X-25.347436 Y60.350000 Z1.100000 E0.002448718 F480.000000
G1 X-25.837179 Y60.350000 Z1.100000 E0.002448718 F480.000000
G1 X-26.326923 Y60.350000 Z1.100000 E0.002448718 F480.000000
G1 X-26.816667 Y60.350000 Z1.100000 E0.002448718 F480.000000
G1 X-27.306410 Y60.350000 Z1.100000 E0.002448718 F480.000000
G1 X-27.796154 Y60.350000 Z1.100000 E0.002448718 F480.000000
G1 X-27.796154 Y60.350000 Z3.500000 F480.000000
G1 X-27.796154 Y60.350000 Z0.600000 F480.000000
G1 X-28.285897 Y60.350000 Z0.600000 E0.002448718 F480.000000
G1 X-28.775641 Y60.350000 Z0.600000 E0.002448718 F480.000000
G1 X-29.265385 Y60.350000 Z0.600000 E0.002448718 F480.000000
G1 X-29.755128 Y60.350000 Z0.600000 E0.002448718 F480.000000
G1 X-30.244872 Y60.350000 Z0.600000 E0.002448718 F480.000000
G1 X-30.734615 Y60.350000 Z0.600000 E0.002448718 F480.000000
G1 X-31.224359 Y60.350000 Z0.600000 E0.002448718 F480.000000
G1 X-31.714103 Y60.350000 Z0.600000 E0.002448718 F480.000000
G1 X-32.203846 Y60.350000 Z0.600000 E0.002448718 F480.000000
G1 X-32.693590 Y60.350000 Z0.600000 E0.002448718 F480.000000
G1 X-32.693590 Y60.350000 Z3.500000 F480.000000
G1 X-32.693590 Y60.350000 Z1.100000 F480.000000
G1 X-33.183333 Y60.350000 Z1.100000 E0.002448718 F480.000000
G1 X-33.183333 Y60.350000 Z3.600000 F480.000000
G1 X-33.183333 Y60.350000 Z1.600000 F480.000000
G1 X-33.673077 Y60.350000 Z1.600000 E0.002448718 F480.000000
G1 X-34.162821 Y60.350000 Z1.600000 E0.002448718 F480.000000
G1 X-34.652564 Y60.350000 Z1.600000 E0.002448718 F480.000000
G1 X-35.142308 Y60.350000 Z1.600000 E0.002448718 F480.000000
G1 X-35.632051 Y60.350000 Z1.600000 E0.002448718 F480.000000
G1 X-36.121795 Y60.350000 Z1.600000 E0.002448718 F480.000000
G1 X-36.121795 Y60.350000 Z3.500000 F480.000000
G1 X-36.121795 Y60.350000 Z1.100000 F480.000000
G1 X-36.611538 Y60.350000 Z1.100000 E0.002448718 F480.000000
G1 X-36.611538 Y60.350000 Z3.600000 F480.000000
G1 X-36.611538 Y60.350000 Z1.600000 F480.000000
G1 X-37.101282 Y60.350000 Z1.600000 E0.002448718 F480.000000
G1 X-37.591026 Y60.350000 Z1.600000 E0.002448718 F480.000000
G1 X-38.080769 Y60.350000 Z1.600000 E0.002448718 F480.000000
G1 X-38.570513 Y60.350000 Z1.600000 E0.002448718 F480.000000
G1 X-39.060256 Y60.350000 Z1.600000 E0.002448718 F480.000000
G1 X-39.550000 Y60.350000 Z1.600000 E0.002448718 F480.000000
G1 X-39.550000 Y60.350000 Z3.500000 F480.000000
G1 X-24.550000 Y67.950000 Z3.500000 F1800.000000
G1 X-24.550000 Y67.950000 Z0.600000 F480.000000
G1 X-24.550000 Y68.392857 Z0.600000 E0.002214286 F480.000000
G1 X-24.550000 Y68.835714 Z0.600000 E0.002214286 F480.000000
G1 X-24.550000 Y68.835714 Z3.500000 F480.000000
G1 X-24.550000 Y68.835714 Z1.100000 F480.000000
G1 X-24.550000 Y69.278571 Z1.100000 E0.002214286 F480.000000
G1 X-24.550000 Y69.721429 Z1.100000 E0.002214286 F480.000000
G1 X-24.550000 Y70.164286 Z1.100000 E0.002214286 F480.000000
G1 X-24.550000 Y70.607143 Z1.100000 E0.002214286 F480.000000
G1 X-24.550000 Y71.050000 Z1.100000 E0.002214286 F480.000000
G1 X-24.087500 Y71.050000 Z1.100000 E0.002312500 F480.000000
G1 X-23.625000 Y71.050000 Z1.100000 E0.002312500 F480.000000
G1 X-23.162500 Y71.050000 Z1.100000 E0.002312500 F480.000000
G1 X-22.700000 Y71.050000 Z1.100000 E0.002312500 F480.000000
G1 X-22.237500 Y71.050000 Z1.100000 E0.002312500 F480.000000
G1 X-21.775000 Y71.050000 Z1.100000 E0.002312500 F480.000000
G1 X-21.312500 Y71.050000 Z1.100000 E0.002312500 F480.000000
G1 X-20.850000 Y71.050000 Z1.100000 E0.002312500 F480.000000
G1 X-20.850000 Y71.050000 Z3.500000 F480.000000
G1 X-20.850000 Y71.050000 Z0.600000 F480.000000
G1 X-20.850000 Y70.607143 Z0.600000 E0.002214286 F480.000000
G1 X-20.850000 Y70.164286 Z0.600000 E0.002214286 F480.000000
G1 X-20.850000 Y69.721429 Z0.600000 E0.002214286 F480.000000
G1 X-20.850000 Y69.278571 Z0.600000 E0.002214286 F480.000000
G1 X-20.850000 Y68.835714 Z0.600000 E0.002214286 F480.000000
G1 X-20.850000 Y68.392857 Z0.600000 E0.002214286 F480.000000
G1 X-20.850000 Y67.950000 Z0.600000 E0.002214286 F480.000000
G1 X-20.850000 Y67.950000 Z3.500000 F480.000000
G1 X-20.850000 Y67.950000 Z1.100000 F480.000000
G1 X-21.312500 Y67.950000 Z1.100000 E0.002312500 F480.000000
G1 X-21.775000 Y67.950000 Z1.100000 E0.002312500 F480.000000
G1 X-22.237500 Y67.950000 Z1.100000 E0.002312500 F480.000000
G1 X-22.700000 Y67.950000 Z1.100000 E0.002312500 F480.000000
G1 X-23.162500 Y67.950000 Z1.100000 E0.002312500 F480.000000
G1 X-23.625000 Y67.950000 Z1.100000 E0.002312500 F480.000000
G1 X-24.087500 Y67.950000 Z1.100000 E0.002312500 F480.000000
G1 X-24.087500 Y67.950000 Z3.500000 F480.000000
G1 X-24.087500 Y67.950000 Z0.600000 F480.000000
G1 X-24.550000 Y67.950000 Z0.600000 E0.002312500 F480.000000
G1 X-24.550000 Y67.950000 Z3.500000 F480.000000
G1 X-23.550000 Y69.950000 Z3.500000 F1800.000000
G1 X-23.550000 Y69.950000 Z1.100000 F480.000000
G1 X-23.125000 Y69.950000 Z1.100000 E0.002125000 F480.000000
G1 X-22.700000 Y69.950000 Z1.100000 E0.002125000 F480.000000
G1 X-22.275000 Y69.950000 Z1.100000 E0.002125000 F480.000000
G1 X-21.850000 Y69.950000 Z1.100000 E0.002125000 F480.000000
G1 X-21.850000 Y69.950000 Z3.500000 F480.000000
